ID,Period,Match clock,Video time (s),Action,Team,Player,Second player,Successful,X (m),Y (m),End X (m),End Y (m),Norm X,Norm Y,Norm end X,Norm end Y,Goal X (m),Goal Y (m),Miss,On target,Pass outcome,xG,xT
0d3a117d-6072-483c-8d3d-5e54d21043e3,2nd half,0:00,0.46,Pass,Team Sempu,Krzysiek,,1,52.84,33.87,63.16,25.62,52.16,34.13,41.84,42.38,,,,,,,-0.002
7205c1b7-38be-4e8c-a2e9-ba7df05a0f06,2nd half,0:03,3.66,Pass,Team Sempu,Bartek,,1,63.16,25.96,78.63,21.15,41.84,42.04,26.37,46.85,,,,,,,-0.002
25c38d2c-bfb7-4521-9c2e-51f7508cf5dc,2nd half,0:05,5.72,Pass,Team Sempu,Łukasz,,1,79.32,21.49,82.07,28.37,25.68,46.51,22.93,39.63,,,,,,,0
37c2671b-d536-409c-81c5-6ab701ede5d6,2nd half,0:11,11.11,Pass,Team Sempu,Mateusz (?),,1,82.41,28.03,77.6,44.18,22.59,39.97,27.4,23.82,,,,,,,0.001
47edf337-bad5-47aa-acf2-5a603743ecd6,2nd half,0:15,15.62,Pass,Team Sempu,Sempu,,1,78.28,44.18,90.32,33.53,26.72,23.82,14.68,34.47,,,,,,,0
9182ac54-dd79-4aca-9b62-bf673f4e5f7f,2nd half,0:18,18.89,Pass,Team Sempu,Kroma,,1,90.32,33.53,80.35,7.4,14.68,34.47,24.65,60.6,,,,,,,-0.002
74b8b59a-6a37-4a82-848e-c59aa9c87d41,2nd half,0:29,29.24,Pass,Team Sempu,Łukasz,Dawid,0,63.89,2.62,45.1,10.02,41.11,65.38,59.9,57.98,,,,,intercepted,,
6f4f1d61-3312-4c89-96f3-8ce5f755e3ea,2nd half,0:31,31.44,Pass,Team Matto,Marek,,1,44.94,18.06,26.72,22.87,44.94,18.06,26.72,22.87,,,,,,,-0.003
1de793d7-31e4-4721-803a-b54b2096f17a,2nd half,0:34,34.6,Pass,Team Matto,Krystian,,1,27.4,24.59,43.91,20.12,27.4,24.59,43.91,20.12,,,,,,,0.003
6089ab9a-d635-4a90-862b-2bd017e70997,2nd half,0:37,37.18,Pass,Team Matto,Matto,,1,44.59,20.46,61.44,20.12,44.59,20.46,61.44,20.12,,,,,,,0.005
3068bba5-9262-4a62-9df1-507758eca8cd,2nd half,0:38,38.39,Pass,Team Matto,Michał W,Sempu,0,61.44,20.46,59.38,26.65,61.44,20.46,59.38,26.65,,,,,intercepted,,
8dfa1c99-273a-4d60-adf4-a44d485f07e0,2nd half,0:40,40.2,Pass,Team Sempu,Sempu,,1,60.41,29.06,59.72,14.96,44.59,38.94,45.28,53.04,,,,,,,-0.001
30d6a3f9-b505-4dfc-83ac-891970df3281,2nd half,0:42,42.98,Pass,Team Sempu,Bartek,,1,59.72,14.28,53.19,24.59,45.28,53.72,51.81,43.41,,,,,,,0
273dccf9-2871-4cb4-aca9-77b21b59d5dd,2nd half,0:45,45.64,Pass,Team Sempu,Roszkol,,0,53.53,25.62,52.16,37.65,51.47,42.38,52.84,30.35,,,,,out,,
22b805a2-7a10-4463-aba1-91f9df20ed3f,2nd half,0:48,48.09,Clearance,Team Matto,Krzysiek K,,1,52.84,38,,,52.84,38,,,,,,,,,
7d745422-0a8c-45e8-84aa-7b57a1335e43,2nd half,0:50,50.34,Pass,Team Sempu,Wojtek,,1,75.19,30.43,91.35,31.81,29.81,37.57,13.65,36.19,,,,,,,0
b575ec41-140d-4007-9f40-eb9e164d96d6,2nd half,0:55,55.43,Pass,Team Sempu,Kroma,,1,93.75,30.43,48.37,30.09,11.25,37.57,56.63,37.91,,,,,,,0.006
c0534286-4253-40b7-93de-250dfc47708f,2nd half,0:59,59.08,Dribble,Team Sempu,Krzysiek,Dawid,1,45.62,28.71,,,59.38,39.29,,,,,,,,,
a81e91de-9d37-456c-856c-63882b437d37,2nd half,1:00,60.2,Pass,Team Sempu,Krzysiek,Krystian,0,41.84,21.84,16.75,22.18,63.16,46.16,88.25,45.82,,,,,intercepted,,
757deb05-6b72-498b-a885-35cb95caba3b,2nd half,1:02,62.28,Pass,Team Matto,Krystian,,1,16.06,22.18,1.96,28.71,16.06,22.18,1.96,28.71,,,,,,,0
9853176c-1836-46ab-9ae7-6df75e033a5b,2nd half,1:07,67.78,Pass,Team Matto,Tomek E,,1,1.62,30.78,21.9,30.09,1.62,30.78,21.9,30.09,,,,,,,0.001
794f888f-152f-4201-ae53-810ea1b58f25,2nd half,1:10,70.82,Pass,Team Matto,Matto,,1,22.59,32.15,33.72,42.33,22.59,32.15,33.72,42.33,,,,,,,0.001
c85a3cbb-3cbf-43ec-90fe-84d56edc1df6,2nd half,1:13,73.71,Pass,Team Matto,Marek,,1,41.84,44.18,76.98,59.97,41.84,44.18,76.98,59.97,,,,,,,0.009
3783addd-4069-4923-8251-c24b7691246e,2nd half,1:17,77.73,Pass,Team Matto,Mateusz,,0,78.28,59.66,105,52.09,78.28,59.66,105,52.09,,,,,out,,
2b955ec5-e1f6-4345-85d4-e4fc381d13a1,2nd half,1:32,92.05,Pass,Team Sempu,Kroma,,1,99.6,43.84,87.91,42.47,5.4,24.16,17.09,25.53,,,,,,,0.002
265330c3-9689-4230-9666-b639b5753115,2nd half,1:36,96.15,Pass,Team Sempu,Wojtek,,1,87.57,41.43,97.88,40.06,17.43,26.57,7.12,27.94,,,,,,,-0.001
a3c820a8-0735-48fc-aeca-714ff5332972,2nd half,1:39,99.28,Pass,Team Sempu,Kroma,,1,93.75,41.78,88.6,29.75,11.25,26.22,16.4,38.25,,,,,,,0
bcb15b02-2de1-4cb0-b536-7675fd603854,2nd half,1:41,101.75,Dribble,Team Sempu,Mateusz (?),Wojtunia,1,87.22,27,,,17.78,41,,,,,,,,,
aac73e18-af38-4d67-94b5-f9a920d80da2,2nd half,1:43,103.98,Turnover,Team Sempu,Mateusz (?),,1,84.13,28.71,,,20.87,39.29,,,,,,,,,
bcfe4bbf-1a64-4773-85a3-9ba13cf69d5b,2nd half,1:49,109.54,Pass,Team Matto,Marek,,1,84.82,23.21,86.19,32.5,84.82,23.21,86.19,32.5,,,,,,,0.007
901a9bec-4779-4071-a5b2-0941ec52436f,2nd half,1:50,110.32,Key pass,Team Matto,Michał W,,1,87.57,32.15,87.22,18.06,87.57,32.15,87.22,18.06,,,,,,,-0.079
f1173dad-1a7e-4f0f-95aa-9f7467a304dc,2nd half,1:51,111.49,Shot,Team Matto,Łukasz (?),,0,87.57,17.37,,,87.57,17.37,,,,,wide-left,0,,0.198,
11141978-4c5b-4337-ba50-785556134f5d,2nd half,1:53,113.2,Save,Team Sempu,Kroma,,1,104.07,30.09,,,0.93,37.91,,,,,,,,,
532804ed-036f-4792-b560-3cf83a80821e,2nd half,1:57,117.74,Pass,Team Sempu,Kroma,,1,93.71,18.36,65.15,14.28,11.29,49.64,39.85,53.72,,,,,,,0.002
e8b2a86c-af47-4adf-afd5-353f40cef3d3,2nd half,2:04,124.32,Pass,Team Sempu,Bartek,,1,63.93,15.5,63.93,19.18,41.07,52.5,41.07,48.82,,,,,,,0.001
653cbaf2-cad0-4c6d-ba95-7fd135e85c6d,2nd half,2:05,125.78,Turnover,Team Sempu,Hubert,,1,63.93,19.58,,,41.07,48.42,,,,,,,,,
eefa00ce-e523-42cf-bee5-8e8467ee92b1,2nd half,2:08,128.52,Pass,Team Matto,Filip,,1,62.7,22.44,69.23,33.05,62.7,22.44,69.23,33.05,,,,,,,0.001
fb184702-7742-44f4-b8f9-85a91b0884a4,2nd half,2:18,138.36,Pass,Team Matto,Marek,,1,69.64,30.6,63.93,6.93,69.64,30.6,63.93,6.93,,,,,,,-0.003
a80be988-3293-45ac-bf75-c1526424545e,2nd half,2:26,146.48,Pass,Team Matto,Filip,,1,64.74,6.53,86.37,24.89,64.74,6.53,86.37,24.89,,,,,,,0.011
e2c1082d-6457-4b1f-9369-e61224c974ad,2nd half,2:27,147.09,Turnover,Team Matto,Michał W,,1,86.78,24.48,,,86.78,24.48,,,,,,,,,
1eba6eaf-e84c-4e29-a109-886234c925b7,2nd half,2:28,148.66,Pass,Team Sempu,Wojtek,,1,86.78,23.66,83.92,33.05,18.22,44.34,21.08,34.95,,,,,,,0
e17c5e16-350a-41d4-85bf-876eb9d8ebd4,2nd half,2:35,155.47,Pass,Team Sempu,Sempu,,1,89.23,31.83,96.16,23.26,15.77,36.17,8.84,44.74,,,,,,,-0.001
04d2e6f1-7d77-4027-96da-653656376779,2nd half,2:38,158.55,Pass,Team Sempu,Kroma,,1,96.57,22.85,57.8,16.32,8.43,45.15,47.2,51.68,,,,,,,0.005
e72a7f8e-74f5-4bd2-a74b-c848883e11c7,2nd half,2:40,160.41,Ground duel,Team Sempu,Bartek,Filip,0,58.21,16.32,,,46.79,51.68,,,,,,,,,
019b5a32-d479-4986-8548-976c62edb7aa,2nd half,2:41,161.29,Pass,Team Matto,Filip,,1,57.8,15.91,63.11,18.36,57.8,15.91,63.11,18.36,,,,,,,0.003
cdce7371-d839-4812-aa61-1f71acddf00d,2nd half,2:42,162.97,Pass,Team Matto,Wojtunia,Mateusz (?),0,63.52,17.95,76.17,31.83,63.52,17.95,76.17,31.83,,,,,intercepted,,
934bcc6d-24fe-4a99-8c70-fd34fc38907a,2nd half,2:44,164.28,Pass,Team Sempu,Mateusz (?),Krzysiek K,0,75.76,31.42,74.13,37.95,29.24,36.58,30.87,30.05,,,,,intercepted,,
0c460ab2-1108-4870-ab26-823966b1f4a3,2nd half,2:46,166.6,Pass,Team Matto,Krzysiek K,,1,74.13,37.13,76.58,21.22,74.13,37.13,76.58,21.22,,,,,,,0
7b6b6d10-2a55-4cc0-b9cb-1e3a2cbab03d,2nd half,2:53,173.48,Pass,Team Matto,Marek,,0,75.76,19.99,105,17.14,75.76,19.99,105,17.14,,,,,out,,
cfd7c9a2-b808-46f1-a91f-b0e99e705398,2nd half,3:02,182.96,Pass,Team Sempu,Kroma,,1,102.69,21.62,97.39,8.57,2.31,46.38,7.61,59.43,,,,,,,-0.001
05cae7e1-ebb7-4399-a941-b70235b9cb82,2nd half,3:09,189.12,Pass,Team Sempu,Łukasz,,1,99.02,6.93,102.28,24.48,5.98,61.07,2.72,43.52,,,,,,,0.002
233d1d44-c0f8-4394-8547-118e16c707c8,2nd half,3:12,192.68,Pass,Team Sempu,Kroma,Matto,0,102.28,25.3,63.11,25.3,2.72,42.7,41.89,42.7,,,,,intercepted,,
d6eb69c9-d640-4774-b833-0cb486a2f1f2,2nd half,3:16,196.42,Pass,Team Matto,Matto,,1,63.52,24.89,42.3,12.65,63.52,24.89,42.3,12.65,,,,,,,-0.007
075a1f59-3b5f-438f-9c57-b29bce8587f3,2nd half,3:16,196.97,Pass,Team Matto,Filip,,1,41.48,11.42,15.77,25.3,41.48,11.42,15.77,25.3,,,,,,,-0.002
2046149b-768d-48c3-8edd-efbeb6394f3c,2nd half,3:19,199.86,Pass,Team Matto,Tomek E,,1,15.37,22.85,26.79,8.97,15.37,22.85,26.79,8.97,,,,,,,0.001
dc26a93d-256d-499b-952e-3ca3e7ea006e,2nd half,3:27,207.62,Pass,Team Matto,Filip,,1,25.98,7.34,38.63,43.66,25.98,7.34,38.63,43.66,,,,,,,0.004
d1e7da8e-5825-4d0c-aad4-7052fe26fb2a,2nd half,3:28,208.63,Pass,Team Matto,Mateusz,,1,42.3,41.21,45.97,31.42,42.3,41.21,45.97,31.42,,,,,,,0.002
c8e1fd4a-bfca-4dee-8611-13e32ae546b8,2nd half,3:31,211.79,Pass,Team Matto,Matto,,1,50.46,29.38,63.11,7.75,50.46,29.38,63.11,7.75,,,,,,,0.003
ae3bc566-3523-4664-8d17-02331d3ae2fa,2nd half,3:39,219.63,Key pass,Team Matto,Łukasz (?),Kroma,0,66.37,6.12,94.94,36.72,66.37,6.12,94.94,36.72,,,,,intercepted,,
e25133f9-f792-4b4a-9b2e-e28d750c5e5f,2nd half,3:42,222.72,Pass,Team Sempu,Kroma,Krystian,0,89.63,39.99,58.76,51.15,15.37,28.01,46.24,16.85,,,,,intercepted,,
33396223-c625-48b6-ab54-8c56e5dbac01,2nd half,3:50,230.39,Turnover,Team Matto,Krystian,,1,43.93,68,,,43.93,68,,,,,,,,,
30633b4a-0ed0-40b8-96ac-1033997598d7,2nd half,4:00,240.45,Pass,Team Sempu,Janek,,1,43.11,67.74,37.4,54.68,61.89,0.26,67.6,13.32,,,,,,,0.001
050139c0-0c0c-4ab4-8730-ed87086d0757,2nd half,4:04,244.55,Pass,Team Sempu,Krzysiek,Dawid,0,37.4,53.86,24.75,39.99,67.6,14.14,80.25,28.01,,,,,intercepted,,
75c487b5-955e-4618-a288-ccc151f1c537,2nd half,4:07,247.68,Pass,Team Matto,Dawid,,1,24.75,38.35,15.22,18.84,24.75,38.35,15.22,18.84,,,,,,,0
a7f5c38f-51a6-45a7-a726-bec26540dd75,2nd half,4:08,248.58,Pass,Team Matto,Filip,,1,15.37,16.73,2.31,31.42,15.37,16.73,2.31,31.42,,,,,,,0.001
c44175cb-cf15-4efb-b52b-2f775fabb28b,2nd half,4:13,253.12,Pass,Team Matto,Tomek E,,1,1.49,33.87,10.06,29.79,1.49,33.87,10.06,29.79,,,,,,,0.001
967137e9-8024-418a-bcb6-75bbce692f74,2nd half,4:14,254.88,Pass,Team Matto,Dawid,,1,10.88,30.19,23.53,33.46,10.88,30.19,23.53,33.46,,,,,,,-0.001
d3be98da-2f13-4c41-9ae6-23d573ab8b10,2nd half,4:16,256.87,Pass,Team Matto,Matto,,1,25.98,32.64,40.26,18.77,25.98,32.64,40.26,18.77,,,,,,,0.003
3787ccd0-f8f7-4a1f-8fa6-df9f7359e7b8,2nd half,4:17,257.97,Ground duel,Team Matto,Wojtunia,Łukasz,1,41.89,18.36,,,41.89,18.36,,,,,,,,,
837d209e-6a79-4d58-bab2-6122f816c7af,2nd half,4:22,262.11,Pass,Team Matto,Wojtunia,,1,43.52,16.73,57.62,2.62,43.52,16.73,57.62,2.62,,,,,,,0.003
59693e86-aba4-450b-955b-5c8be77ed7e6,2nd half,4:23,263.77,Pass,Team Matto,Łukasz (?),,1,59.03,1.63,89.23,3.67,59.03,1.63,89.23,3.67,,,,,,,0.02
d5cf474e-1e23-4e93-ac5a-bfd5350143a6,2nd half,4:30,270.34,Pass,Team Matto,Michał W,,0,90.86,3.26,105,17.14,90.86,3.26,105,17.14,,,,,out,,
70c526ca-dc0b-4948-8323-3ea1f7be24fb,2nd half,4:50,290.6,Pass,Team Sempu,Kroma,,1,99.43,26.93,69.23,23.26,5.57,41.07,35.77,44.74,,,,,,,0.003
a1f46d41-759f-45b9-a02e-8d400c1b34f5,2nd half,4:53,293.49,Ground duel,Team Sempu,Hubert,Matto,0,63.52,26.11,,,41.48,41.89,,,,,,,,,
48800dc9-7190-41d8-af3c-1419cc8961c0,2nd half,4:54,294.27,Pass,Team Matto,Matto,,1,59.03,29.38,67.6,21.22,59.03,29.38,67.6,21.22,,,,,,,0.002
ea6a79ce-721f-4c3b-b0f1-2e5219dba84c,2nd half,4:57,297.87,Dribble,Team Matto,Wojtunia,Roszkol,1,73.31,21.62,,,73.31,21.62,,,,,,,,,
36c5ac55-63f4-4154-a289-18a128cc35b6,2nd half,4:59,299.3,Pass,Team Matto,Wojtunia,,1,75.76,23.66,76.17,35.09,75.76,23.66,76.17,35.09,,,,,,,0
348e926f-25c5-408e-9e03-ace9ad34c8ac,2nd half,5:04,304.86,Pass,Team Matto,Marek,,1,70.86,39.17,65.15,27.75,70.86,39.17,65.15,27.75,,,,,,,-0.004
4ea3f6fc-dd25-49d1-9d5b-e6df3961f4d3,2nd half,5:10,310.77,Dribble,Team Matto,Matto,Hubert,1,66.37,24.48,,,66.37,24.48,,,,,,,,,
50148014-33c1-4315-8ac7-c6c24eed654c,2nd half,5:11,311.4,Key pass,Team Matto,Matto,Wojtunia,1,73.31,21.22,85.55,18.77,73.31,21.22,85.55,18.77,,,,,,,0.004
600dec92-2c16-4e6a-8a9d-c60f4f29aad0,2nd half,5:16,316.01,Shot,Team Matto,Wojtunia,,0,84.09,19.68,,,84.09,19.68,,,0.05,1.61,,1,,0.236,
d5c2273d-e412-44e5-b4cb-1aa3faa698ed,2nd half,5:16,316.87,Save,Team Sempu,Kroma,,1,104.41,31.12,,,0.59,36.88,,,,,,,,,
c4d2b0ee-e3d3-4446-ae65-37f6dbaa8610,2nd half,5:20,320.15,Pass,Team Sempu,Kroma,Dawid,0,90.86,19.18,44.34,14.28,14.14,48.82,60.66,53.72,,,,,intercepted,,
ca3651c9-52c6-4647-8a78-0fe1368d4c71,2nd half,5:24,324.19,Pass,Team Matto,Dawid,,1,42.71,14.69,1.9,21.22,42.71,14.69,1.9,21.22,,,,,,,-0.003
6fc96d4c-0bde-49cc-9d23-0a4fa8d71504,2nd half,5:30,330.02,Pass,Team Matto,Tomek E,,1,1.49,21.62,17.41,44.48,1.49,21.62,17.41,44.48,,,,,,,0.001
d4450f1c-dd4e-4459-b141-d36a170357d5,2nd half,5:35,335.01,Pass,Team Matto,Krystian,,1,18.63,43.66,39.44,40.8,18.63,43.66,39.44,40.8,,,,,,,0.003
93b438db-91d0-4fb4-a399-bf1441c36c44,2nd half,5:39,339.28,Pass,Team Matto,Marek,Łukasz,0,49.24,42.84,75.76,21.22,49.24,42.84,75.76,21.22,,,,,intercepted,,
a8845010-ba53-4268-9db7-0e1726c850ef,2nd half,5:44,344.33,Pass,Team Sempu,Łukasz,Wojtunia,0,73.72,19.99,61.48,17.14,31.28,48.01,43.52,50.86,,,,,intercepted,,
551818ca-8152-4bfd-9a26-f1e53da10cdf,2nd half,5:47,347.25,Pass,Team Matto,Wojtunia,,1,61.07,17.95,59.44,23.26,61.07,17.95,59.44,23.26,,,,,,,0
980433d2-2fb3-4a45-920e-8fbfc04aff87,2nd half,5:48,348.38,Pass,Team Matto,Łukasz (?),,1,57.4,24.89,70.86,18.36,57.4,24.89,70.86,18.36,,,,,,,0.007
7c5cbf35-4a59-40d6-8a01-9c2d159d265f,2nd half,5:49,349.03,Pass,Team Matto,Wojtunia,,1,72.09,17.54,70.86,27.34,72.09,17.54,70.86,27.34,,,,,,,0
909dfcb0-e68f-4f46-a0e8-6cca5226b90b,2nd half,5:52,352.64,Pass,Team Matto,Matto,,1,71.27,26.93,73.31,34.68,71.27,26.93,73.31,34.68,,,,,,,0
956f110e-f5c1-435c-95c9-9f1717e80509,2nd half,5:55,355.74,Dribble,Team Matto,Marek,Sempu,1,78.21,34.68,,,78.21,34.68,,,,,,,,,
8f808b8c-4d6c-47ac-a6dd-961964c2de70,2nd half,5:56,356.49,Key pass,Team Matto,Marek,Michał W,1,84.74,36.31,99.02,41.62,84.74,36.31,99.02,41.62,,,,,,,0.222
0c9cd30c-738d-4a30-aba3-853ae2a0767c,2nd half,5:59,359.14,Shot,Team Matto,Michał W,,0,99.18,42.73,,,99.18,42.73,,,,,wide-left,0,,0.434,
238b2cb0-3acc-4b0d-91bc-0c4ab08551c4,2nd half,6:07,367.96,Pass,Team Matto,Filip,Mateusz (?),0,99.84,0.4,102.28,22.03,99.84,0.4,102.28,22.03,,,,,intercepted,,
33f5e853-a933-4185-8f30-051f3c0c70a0,2nd half,6:11,371.2,Pass,Team Sempu,Kroma,,1,103.51,23.26,60.25,32.64,1.49,44.74,44.75,35.36,,,,,,,0.006
65c34f94-d7e7-4ebd-8099-03743af90567,2nd half,6:16,376.7,Pass,Team Sempu,Krzysiek,,1,60.66,32.64,46.38,42.84,44.34,35.36,58.62,25.16,,,,,,,0.002
77c0a650-94d1-44f3-a7c7-0aaa609bff89,2nd half,6:17,377.56,Ground duel,Team Sempu,Janek,Dawid,0,43.52,42.44,,,61.48,25.56,,,,,,,,,
213daa70-d919-4729-9707-0df426ab843f,2nd half,6:22,382.23,Clearance,Team Matto,Dawid,,1,20.67,64.06,,,20.67,64.06,,,,,,,,,
7899cf42-cc3e-4c2f-885a-2515b7195318,2nd half,6:38,398.45,Pass,Team Matto,Dawid,,1,22.59,68,21.9,62.06,22.59,68,21.9,62.06,,,,,,,0
e105496f-7a2b-4129-a22a-99b7419c689e,2nd half,7:17,437.04,Pass,Team Matto,Krystian,,1,21.56,59.31,27.17,50.86,21.56,59.31,27.17,50.86,,,,,,,0.002
9d788df9-0727-46b5-bd0b-4be310c5e13b,2nd half,7:20,440.11,Pass,Team Matto,Matto,,1,34.62,43.84,61.44,13.24,34.62,43.84,61.44,13.24,,,,,,,0.008
5ec04e53-4342-4765-a64d-2aa5364ca88d,2nd half,7:27,447.58,Pass,Team Matto,Łukasz (?),,1,57.66,19.78,43.56,12.21,57.66,19.78,43.56,12.21,,,,,,,-0.005
179d5cb8-53e7-4a70-a2d3-7fd13b30dba9,2nd half,7:33,453.8,Pass,Team Matto,Filip,,1,51.81,20.12,63.5,16.34,51.81,20.12,63.5,16.34,,,,,,,0.004
6183a215-477f-4210-b514-a121c99d3bd0,2nd half,7:36,456.7,Pass,Team Matto,Wojtunia,,1,59.72,16.34,60.41,6.37,59.72,16.34,60.41,6.37,,,,,,,-0.001
a82501f2-6f99-4ffd-99c2-1160b56c8aa0,2nd half,7:39,459.98,Pass,Team Matto,Łukasz (?),,1,62.81,4.65,62.13,12.21,62.81,4.65,62.13,12.21,,,,,,,0.001
0f5f1cbf-18cc-4b19-ac87-63bec6d9ec62,2nd half,7:42,462.3,Pass,Team Matto,Marek,,1,65.22,19.09,87.22,30.09,65.22,19.09,87.22,30.09,,,,,,,0.016
ab3d8b63-6da8-4898-be30-a76586caf74b,2nd half,7:45,465.93,Turnover,Team Matto,Michał W,,1,85.5,31.81,,,85.5,31.81,,,,,,,,,
c60eb1e9-2e34-4809-8672-70e2c7b037d3,2nd half,7:47,467.16,Clearance,Team Sempu,Sempu,,1,85.5,32.5,,,19.5,35.5,,,,,,,,,
b80e3394-7d6d-45a5-b84f-a3973fbb257c,2nd half,7:49,469.84,Pass,Team Matto,Krystian,,1,57.31,42.12,66.94,36.97,57.31,42.12,66.94,36.97,,,,,,,0.003
be728ce7-d7ed-4b9d-a70d-ece8cc49609a,2nd half,7:50,470.89,Ground duel,Team Matto,Marek,Hubert,1,69,36.62,,,69,36.62,,,,,,,,,
59d2a316-8339-495f-a2e5-55d02837dbcc,2nd half,7:51,471.47,Pass,Team Matto,Marek,,1,63.16,38.34,72.1,47.62,63.16,38.34,72.1,47.62,,,,,,,0.004
db66473f-2b6e-4e75-b09a-66870f76f919,2nd half,7:53,473.23,Pass,Team Matto,Mateusz,,1,73.13,47.28,72.78,41.78,73.13,47.28,72.78,41.78,,,,,,,0
577d8a72-bb35-43b8-8ef9-bd296a40232e,2nd half,7:56,476.68,Pass,Team Matto,Marek,Sempu,0,76.91,39.37,83.44,38.34,76.91,39.37,83.44,38.34,,,,,intercepted,,
340f496e-9099-4df2-9a42-09af7e92d864,2nd half,8:02,482.11,Dribble,Team Sempu,Roszkol,Matto,0,64.88,33.87,,,40.12,34.13,,,,,,,,,
3741689f-9eb3-4b24-be8f-26ffa10c416e,2nd half,8:08,488.27,Pass,Team Matto,Matto,Kroma,0,67.28,33.87,101.66,47.28,67.28,33.87,101.66,47.28,,,,,intercepted,,
4739d529-9c37-44fc-94c4-028bf8e7a9b2,2nd half,8:14,494.92,Pass,Team Sempu,Kroma,Matto,0,91.69,46.25,57.31,21.15,13.31,21.75,47.69,46.85,,,,,intercepted,,
f4392834-f1fa-4e80-b5bb-e425b5d7fb7b,2nd half,8:21,501.48,Pass,Team Matto,Matto,,1,60.41,22.53,68.66,9.12,60.41,22.53,68.66,9.12,,,,,,,0.002
0e05597c-c5ea-4579-9d10-a6c9ed770f53,2nd half,8:25,505.65,Pass,Team Matto,Łukasz (?),,1,70.38,6.37,55.59,3.96,70.38,6.37,55.59,3.96,,,,,,,-0.006
ada1ba84-6efc-4013-aa1e-f5dc2aad3dfd,2nd half,8:28,508.8,Pass,Team Matto,Filip,,1,55.94,6.37,45.28,16.68,55.94,6.37,45.28,16.68,,,,,,,-0.001
e1c92797-501b-4384-b423-f04455472d4c,2nd half,8:32,512.88,Pass,Team Matto,Dawid,,1,47.66,17.56,54.56,10.84,47.66,17.56,54.56,10.84,,,,,,,0.002
d6edc3fe-d257-45fc-8dfc-655733369732,2nd half,8:39,519.48,Pass,Team Matto,Filip,,1,58.34,15.65,65.56,30.43,58.34,15.65,65.56,30.43,,,,,,,0.004
6b3ebab9-575e-4700-a437-65dc8087e02d,2nd half,8:41,521.74,Pass,Team Matto,Marek,,1,67.63,30.43,68.66,13.59,67.63,30.43,68.66,13.59,,,,,,,-0.001
10bebbf1-77ce-47c6-ab8f-6ff2140e5a21,2nd half,8:43,523.84,Pass,Team Matto,Filip,Mateusz (?),0,69,12.9,85.5,18.4,69,12.9,85.5,18.4,,,,,intercepted,,
735b07ba-52d6-493b-bcda-ca8ca41ba61f,2nd half,8:47,527.18,Pass,Team Sempu,Mateusz (?),,1,85.5,17.71,103.72,15.31,19.5,50.29,1.28,52.69,,,,,,,-0.003
1fec8ae1-afec-4eec-b7f3-08b6f82310c5,2nd half,8:58,538.11,Pass,Team Sempu,Kroma,Krzysiek K,0,89.63,21.15,87.57,41.78,15.37,46.85,17.43,26.22,,,,,intercepted,,
a2c7a604-030f-442b-9260-24a7d87a77dd,2nd half,9:00,540.84,Shot,Team Matto,Krzysiek K,,0,87.91,42.81,,,87.91,42.81,,,,,wide-right,0,,0.67,
6773abd4-7134-48b1-86e5-16404a920491,2nd half,9:06,546.86,Pass,Team Sempu,Kroma,,1,100.29,38,91.69,48.65,4.71,30,13.31,19.35,,,,,,,0
f28029b2-c08d-4bd5-93d0-8193f7fb2995,2nd half,9:11,551.46,Pass,Team Sempu,Sempu,Krzysiek K,0,91.69,48.65,83.1,49.69,13.31,19.35,21.9,18.31,,,,,intercepted,,
f8f7ec6c-19e2-40d0-99cf-3019ab87a952,2nd half,9:15,555.24,Dribble,Team Matto,Krzysiek K,Sempu,0,100.29,57.94,,,100.29,57.94,,,,,,,,,
a9e1860c-e0a3-48c4-aeb3-9a8559397cd4,2nd half,9:19,559.58,Clearance,Team Sempu,Sempu,,1,99.94,67.22,,,5.06,0.78,,,,,,,,,
a3a7368c-e685-403c-a87f-57760586c80b,2nd half,9:39,579.77,Pass,Team Sempu,Sempu,Marek,0,100.29,67.22,83.1,63.78,4.71,0.78,21.9,4.22,,,,,intercepted,,
59b00603-08c2-4f10-81f8-b98d976b6965,2nd half,9:43,583.56,Key pass,Team Matto,Marek,Bartek,0,82.75,63.78,96.85,33.53,82.75,63.78,96.85,33.53,,,,,intercepted,,
d34a6944-8b3a-4212-b518-31df8ed103b2,2nd half,9:45,585.51,Clearance,Team Sempu,Bartek,,1,97.19,33.53,,,7.81,34.47,,,,,,,,,
7fafd7ef-5f7b-4196-9135-ed9602fadd36,2nd half,12:01,721.1,Pass,Team Matto,Michał W,Matto,0,105,68,95.13,41.09,105,68,95.13,41.09,,,,,intercepted,,
f2bfc7b0-07bd-45ac-9923-162bcbeeed7d,2nd half,12:05,725.03,Clearance,Team Sempu,Matto,,0,94.79,40.75,,,10.21,27.25,,,,,,,,,
2c4bc1ad-3386-4a30-b4f8-d8be523165c5,2nd half,12:06,726.6,Pass,Team Matto,Krystian,,1,85.5,37.65,85.5,46.25,85.5,37.65,85.5,46.25,,,,,,,-0.007
75f487a4-0c66-491b-8955-9c128acec070,2nd half,12:10,730.97,Dribble,Team Matto,Mateusz,Kacper,0,88.6,45.9,,,88.6,45.9,,,,,,,,,
19efd5e2-d3c7-4fc9-bf65-f6e17295cb73,2nd half,12:12,732.8,Pass,Team Sempu,Kacper,,1,84.13,47.97,37.03,56.9,20.87,20.03,67.97,11.1,,,,,,,0.009
f22da798-c99f-4874-bf61-ee9913774a1c,2nd half,12:24,744.18,Pass,Team Sempu,Janek,,1,16.4,46.59,20.53,35.59,88.6,21.41,84.47,32.41,,,,,,,-0.02
e153dfc5-ee43-4cb1-9b61-1f94acfed73f,2nd half,12:27,747.96,Shot,Team Sempu,Hubert,Filip,0,20.53,33.87,,,84.47,34.13,,,,,blocked,0,,0.376,
4424292c-2656-4d57-a129-47e3103a0e75,2nd half,12:30,750.22,Pass,Team Matto,Tomek E,,1,1.28,27,22.25,2.93,1.28,27,22.25,2.93,,,,,,,-0.001
6ed31596-7725-445f-9edf-e51d59f8e15b,2nd half,12:37,757.61,Pass,Team Matto,Marek,,1,59.38,8.77,54.91,27,59.38,8.77,54.91,27,,,,,,,0.001
7ac8b5b2-ad17-48ea-9eaa-eef9aedc5725,2nd half,12:41,761.8,Pass,Team Matto,Krzysiek K,Wojtek,0,55.59,27.34,80.35,23.56,55.59,27.34,80.35,23.56,,,,,intercepted,,
3fd38946-2221-495b-b385-bd7b65204e3b,2nd half,12:47,767.11,Pass,Team Sempu,Wojtek,,1,81.72,23.9,81.38,19.78,23.28,44.1,23.62,48.22,,,,,,,0
edf736bd-c726-4ce2-b0b9-ee70db948426,2nd half,12:48,768.42,Pass,Team Sempu,Matto,,1,76.22,18.06,49.75,31.46,28.78,49.94,55.25,36.54,,,,,,,0.006
ec9a3967-4aef-4027-98b1-679e5573d4c7,2nd half,12:53,773.12,Pass,Team Sempu,Sempu,Tomek E,0,39.44,39.37,9.81,37.63,65.56,28.63,95.19,30.37,,,,,intercepted,,
5d9dece5-124a-4703-b0de-0bcc16a9b3c2,2nd half,13:02,782.23,Pass,Team Matto,Tomek E,,1,16.06,30.43,26.72,12.56,16.06,30.43,26.72,12.56,,,,,,,0
f3cafb35-4935-4f65-a6c7-b3f0604a892c,2nd half,13:06,786.18,Pass,Team Matto,Filip,,1,23.28,17.03,17.78,38.68,23.28,17.03,17.78,38.68,,,,,,,0
ea7a962b-dbbc-427b-83b4-fad34b4146f8,2nd half,13:12,792.97,Pass,Team Matto,Krystian,,1,26.03,42.12,83.78,48.31,26.03,42.12,83.78,48.31,,,,,,,0.018
9c48df81-9cef-49af-8093-f6cbbc021f65,2nd half,13:22,802.3,Ground duel,Team Matto,Wojtunia,Kacper,1,100.63,47.28,,,100.63,47.28,,,,,,,,,
b2b30f05-2e20-48b2-b367-d4cc7ff01b6a,2nd half,13:22,802.34,Key pass,Team Matto,Wojtunia,Michał W,1,99.25,47.28,89.97,44.53,99.25,47.28,89.97,44.53,,,,,,,-0.01
32538546-48c7-464c-b665-11f1073c6b61,2nd half,13:23,803.2,Shot,Team Matto,Michał W,,0,90.32,44.18,,,90.32,44.18,,,2.12,0.31,,1,,0.128,
1911f37c-02ad-44a3-a25c-8691d312d4ed,2nd half,13:25,805.83,Save,Team Sempu,Kroma,,1,104.76,33.18,,,0.24,34.82,,,,,,,,,
9a738ecd-6f7e-4ca4-baa1-c98361c163d6,2nd half,13:29,809.02,Pass,Team Sempu,Kroma,,1,92.38,28.71,82.07,28.37,12.62,39.29,22.93,39.63,,,,,,,-0.001
5164ae8e-2303-4082-b6bd-0c3abc5cf2af,2nd half,13:32,812.49,Pass,Team Sempu,Hubert,,1,77.6,25.62,60.06,17.03,27.4,42.38,44.94,50.97,,,,,,,0.003
6618c1ba-e810-4efe-8bc0-2212f21688c4,2nd half,13:36,816.49,Dribble,Team Sempu,Bartek,Marek,0,55.94,15.65,,,49.06,52.35,,,,,,,,,
e847ece1-8d1b-4226-afc6-a1d88f24ef28,2nd half,13:37,817.32,Pass,Team Matto,Marek,,1,54.91,12.9,64.53,4.31,54.91,12.9,64.53,4.31,,,,,,,0.001
1ae0db88-8021-4d74-b3fb-ecd545e2ffb5,2nd half,13:40,820.11,Pass,Team Matto,Łukasz (?),,1,64.88,4.31,71.41,16.34,64.88,4.31,71.41,16.34,,,,,,,0.007
d0f663b0-d45e-4389-92a8-5aa4cd01ce9b,2nd half,13:43,823.42,Ground duel,Team Matto,Michał W,Roszkol,0,79.66,23.9,,,79.66,23.9,,,,,,,,,
8a71265b-4fdc-4418-8867-e10b937e026a,2nd half,13:44,824.19,Pass,Team Sempu,Roszkol,,1,81.03,24.59,83.78,28.71,23.97,43.41,21.22,39.29,,,,,,,0
ec280451-24c7-476b-8fbb-318c348d1763,2nd half,13:46,826.47,Pass,Team Sempu,Matto,,1,81.72,32.15,73.81,26.65,23.28,35.85,31.19,41.35,,,,,,,0.001
4fef1c7e-f884-473e-bf4f-04f3d9352321,2nd half,13:51,831.47,Key pass,Team Sempu,Sempu,,0,47.34,40.06,27.06,43.84,57.66,27.94,77.94,24.16,,,,,out,,
7b82b0d1-aa33-4599-824e-25bae5f9a7bd,2nd half,13:52,832.76,Offside,Team Sempu,Janek,,1,27.75,44.87,,,77.25,23.13,,,,,,,,,
10ea257e-518f-45e8-b92b-17cb8d670960,2nd half,14:13,853.07,Pass,Team Matto,Tomek E,,1,12.28,32.5,22.25,27.68,12.28,32.5,22.25,27.68,,,,,,,-0.001
125b84ba-41d7-48ae-8b3c-ef728cc118f8,2nd half,14:16,856.06,Pass,Team Matto,Dawid,,1,22.59,28.03,12.96,33.87,22.59,28.03,12.96,33.87,,,,,,,0.001
c77bb90c-f8a5-4f8c-b752-929f5ab50d43,2nd half,14:20,860.08,Pass,Team Matto,Tomek E,,1,12.96,34.56,26.37,3.62,12.96,34.56,26.37,3.62,,,,,,,-0.001
a6d88169-b2dc-44fc-9d23-0e7ac137ed68,2nd half,14:25,865.68,Pass,Team Matto,Filip,,1,27.06,9.12,21.22,14.28,27.06,9.12,21.22,14.28,,,,,,,-0.001
43339d27-286c-4ac8-ab72-20b870c907aa,2nd half,14:29,869.44,Pass,Team Matto,Dawid,,1,39.69,16.99,38.27,25.82,39.69,16.99,38.27,25.82,,,,,,,0
346f60da-2b51-40b4-938a-9c78cd410401,2nd half,14:30,870.37,Pass,Team Matto,Marek,,1,39.09,25.96,47.69,23.9,39.09,25.96,47.69,23.9,,,,,,,0.002
0a15a668-f282-4674-9195-428021b72fcb,2nd half,14:33,873.32,Pass,Team Matto,Michał W,,1,48.37,24.25,45.28,5.68,48.37,24.25,45.28,5.68,,,,,,,-0.002
46e76ef6-b560-4353-a872-b1e94de8aaff,2nd half,14:37,877.57,Pass,Team Matto,Filip,,1,42.53,3.27,72.71,35.78,42.53,3.27,72.71,35.78,,,,,,,0.013
44418418-622e-46f2-b8c6-5fad3f2f1287,2nd half,14:39,879.89,Pass,Team Matto,Krzysiek K,,1,73.47,35.25,85.16,39.37,73.47,35.25,85.16,39.37,,,,,,,0.011
698ab015-9762-4b89-8076-425bb223f070,2nd half,14:45,885.25,Dribble,Team Matto,Mateusz,Kacper,1,86.88,39.03,,,86.88,39.03,,,,,,,,,
9f1b2fbe-7287-471b-899c-2d07c4c07ced,2nd half,14:46,886.07,Pass,Team Matto,Mateusz,,1,88.25,38,88.6,32.84,88.25,38,88.6,32.84,,,,,,,0
074534c4-ffd0-4cf1-95e1-e627b671186e,2nd half,14:47,887.03,Shot,Team Matto,Wojtunia,,0,98.04,27.38,,,98.04,27.38,,,1.11,1.14,,1,,0.529,
9183214e-7350-4910-8844-25b21a7f3164,2nd half,14:48,888.49,Save,Team Sempu,Kroma,,1,104.41,31.12,,,0.59,36.88,,,,,,,,,
9009e31c-1688-40cd-a768-b4e18b4ced3a,2nd half,15:23,923.06,Pass,Team Matto,Wojtunia,,1,104.41,0.18,97.88,40.06,104.41,0.18,97.88,40.06,,,,,,,0.22
bd07851a-76a4-46aa-8345-2323c3c9d0ac,2nd half,15:25,925.44,Shot,Team Matto,Mateusz,Kacper,0,98.57,39.03,,,98.57,39.03,,,,,blocked,0,,0.64,
dec33a91-e7d0-4d52-a067-362b647d2f7f,2nd half,15:26,926.56,Shot,Team Matto,Mateusz,,0,98.22,36.62,,,98.22,36.62,,,,,high,0,,0.497,
d1d5c575-80e0-4300-a603-65ef5eb4415c,2nd half,15:34,934.63,Pass,Team Sempu,Kroma,,1,99.94,27,89.5,2.48,5.06,41,15.5,65.52,,,,,,,-0.002
1cd2c259-d831-4429-981b-b54870fb4115,2nd half,15:39,939.03,Pass,Team Sempu,Bartek,,1,89.63,2.59,78.28,14.28,15.37,65.41,26.72,53.72,,,,,,,0.003
aa7427d0-43d7-4150-af42-b1d0ab01eaf5,2nd half,15:43,943.72,Pass,Team Sempu,Hubert,,1,78.63,14.96,75.88,11.87,26.37,53.04,29.12,56.13,,,,,,,0
fcdbba1c-9737-4d2a-bd71-30ec6f46e5d8,2nd half,15:45,945.88,Pass,Team Sempu,Mateusz (?),Marek,0,75.53,10.84,78.97,15.99,29.47,57.16,26.03,52.01,,,,,intercepted,,
6cad1cd0-67ca-4bab-9eda-fa2732588b4e,2nd half,15:47,947.19,Clearance,Team Sempu,Wojtek,,1,82.07,12.21,,,22.93,55.79,,,,,,,,,
a99955ee-7ab5-4a9a-b424-7cf369289d01,2nd half,15:51,951.95,Ground duel,Team Sempu,Krzysiek,Dawid,0,31.19,10.84,,,73.81,57.16,,,,,,,,,
5d7aede4-296f-497b-8225-fcd32d695c0a,2nd half,15:54,954.42,Pass,Team Matto,Krystian,,1,22.25,17.03,37.37,7.4,22.25,17.03,37.37,7.4,,,,,,,0.001
974ff919-650f-4369-8e9c-a3edb118521b,2nd half,15:58,958.97,Dribble,Team Matto,Filip,Hubert,1,43.56,10.84,,,43.56,10.84,,,,,,,,,
3fffeba2-1b69-497b-bcdc-9cf4442b975e,2nd half,15:59,959.51,Pass,Team Matto,Filip,Sempu,0,44.59,16.68,48.03,27.34,44.59,16.68,48.03,27.34,,,,,intercepted,,
6fc2190f-9761-4981-af29-4db74029536c,2nd half,16:06,966.23,Pass,Team Sempu,Sempu,,1,42.19,38.68,51.12,49,62.81,29.32,53.88,19,,,,,,,-0.003
56c9f09a-1801-4bd3-91c3-ce4299a0b2d1,2nd half,16:10,970.86,Pass,Team Sempu,Kacper,,1,39.44,52.44,50.09,52.09,65.56,15.56,54.91,15.91,,,,,,,-0.003
ba50fc27-b674-47bb-b7a7-a9f6d1c3eef8,2nd half,16:12,972.25,Pass,Team Sempu,Matto,,1,49.41,51.75,17.78,63.44,55.59,16.25,87.22,4.56,,,,,,,0.011
801f5ebb-5be9-471c-9b88-8ec576ed39fb,2nd half,16:18,978.54,Dribble,Team Sempu,Kacper,Mateusz,1,17.09,60.34,,,87.91,7.66,,,,,,,,,
8252743e-e505-4b64-9e32-be31280903bb,2nd half,16:19,979.54,Key pass,Team Sempu,Kacper,Tomek E,0,17.43,56.56,7.81,34.56,87.57,11.44,97.19,33.44,,,,,intercepted,,
b5170a0f-2e72-45f7-bede-9686934ba40b,2nd half,16:24,984.92,Pass,Team Matto,Tomek E,,1,15.71,34.21,25,33.53,15.71,34.21,25,33.53,,,,,,,-0.001
a3be6ebb-a588-4f80-bb49-44dac98e106f,2nd half,16:28,988.58,Pass,Team Matto,Marek,,1,25.68,33.53,22.93,8.43,25.68,33.53,22.93,8.43,,,,,,,-0.002
66287dac-30b7-4ce3-befb-8d9c9c3d499f,2nd half,16:34,994.29,Pass,Team Matto,Filip,,1,26.03,9.12,19.84,15.65,26.03,9.12,19.84,15.65,,,,,,,0
4220a68e-0c40-4337-9caa-e8ced134337a,2nd half,16:37,997.34,Pass,Team Matto,Dawid,,1,23.62,18.06,39.09,18.4,23.62,18.06,39.09,18.4,,,,,,,0.003
7bd45e62-b50d-4306-ae29-8ac8e00d4264,2nd half,16:42,1002.27,Pass,Team Matto,Marek,,1,39.78,20.46,26.72,19.43,39.78,20.46,26.72,19.43,,,,,,,-0.002
a079be39-9ff6-4fc4-a1c5-4126b91d1077,2nd half,16:48,1008.02,Pass,Team Matto,Dawid,,1,32.01,25.25,42.19,38.34,32.01,25.25,42.19,38.34,,,,,,,0.002
d182afcc-719a-4140-8291-08d673446db3,2nd half,16:51,1011.22,Pass,Team Matto,Dawid,,1,105,41.09,105,45.56,105,41.09,105,45.56,,,,,,,-0.193
f0a84cf0-2370-486b-95b2-9f31951d1dbc,2nd half,16:51,1011.48,Key pass,Team Matto,Michał W,Wojtunia,1,48.72,42.81,88.08,40.9,48.72,42.81,88.08,40.9,,,,,,,0.094
6f401363-8a39-46d1-8be3-9fa601d05f66,2nd half,16:55,1015.46,Shot,Team Matto,Wojtunia,,0,88.65,39.33,,,88.65,39.33,,,0.18,0.13,,1,,0.209,
a24a1f57-2e14-4bbe-9bac-1ffe7bd9b3a1,2nd half,16:56,1016.13,Save,Team Sempu,Kroma,,1,94.44,35.59,,,10.56,32.41,,,,,,,,,
48c3d750-f95d-414b-8611-a6a09b061e48,2nd half,17:08,1028.57,Pass,Team Matto,Łukasz (?),,1,105,0.18,97.54,4.31,105,0.18,97.54,4.31,,,,,,,0
186c3296-397e-4dfe-ae72-0a12fd843fd7,2nd half,17:12,1032.4,Pass,Team Matto,Michał W,Sempu,0,90.32,5.34,90.07,33.5,90.32,5.34,90.07,33.5,,,,,intercepted,,
f9115809-bf68-42bb-8f28-212ef511b122,2nd half,17:15,1035.55,Pass,Team Sempu,Sempu,Marek,0,90.32,33.53,79.66,27.68,14.68,34.47,25.34,40.32,,,,,intercepted,,
65df1c52-d275-41a7-a742-35fb2fc5f6c1,2nd half,17:20,1040.01,Pass,Team Matto,Marek,,1,81.38,25.62,78.28,40.06,81.38,25.62,78.28,40.06,,,,,,,-0.011
50fd4006-d897-4f21-abf8-9fb3eb7c38f2,2nd half,17:26,1046.85,Key pass,Team Matto,Krystian,Kroma,0,80,42.47,103.38,33.18,80,42.47,103.38,33.18,,,,,intercepted,,
30fa2f70-35bd-4501-9d7a-b2b63f3492aa,2nd half,17:33,1053.04,Pass,Team Sempu,Kroma,,1,90.32,37.31,88.25,45.56,14.68,30.69,16.75,22.44,,,,,,,-0.001
472171b9-5ebd-42c1-9bf2-172049f5b1f4,2nd half,17:35,1056,Pass,Team Sempu,Kacper,,1,88.94,43.84,61.09,26.31,16.06,24.16,43.91,41.69,,,,,,,0.005
7626bcd3-1b4c-4b0a-b669-5de9787b1d5d,2nd half,17:39,1059.18,Pass,Team Sempu,Bartek,,1,59.03,26.31,32.9,28.71,45.97,41.69,72.1,39.29,,,,,,,0.009
59a45b66-8239-4bfb-bf07-37189b96f590,2nd half,17:43,1063.91,Dribble,Team Sempu,Janek,Dawid,1,32.56,28.71,,,72.44,39.29,,,,,,,,,
7e06336e-a225-4c77-9785-2aca45fd1f61,2nd half,17:45,1065.87,Shot,Team Sempu,Janek,,0,18.06,28.66,,,86.94,39.34,,,-0.46,0.19,,0,,0.377,
b5781aa7-49ad-4fb6-a322-335eff3a731f,2nd half,18:00,1080.57,Pass,Team Matto,Tomek E,,1,5.4,40.4,22.25,50.03,5.4,40.4,22.25,50.03,,,,,,,0.001
4ab7e464-6c21-4219-80e9-abd10c8cb031,2nd half,18:04,1084.64,Pass,Team Matto,Mateusz,,1,25,49.69,33.25,46.93,25,49.69,33.25,46.93,,,,,,,0.001
f5bc86cf-1e1b-4f35-8317-88de92517faf,2nd half,18:05,1085.58,Pass,Team Matto,Marek,,1,33.59,46.93,25.34,47.62,33.59,46.93,25.34,47.62,,,,,,,-0.001
b61885da-f8ff-4003-8f78-f1d59f4ea6f3,2nd half,18:08,1088.29,Pass,Team Matto,Mateusz,,1,24.65,47.28,19.5,42.12,24.65,47.28,19.5,42.12,,,,,,,0
d5bac887-c339-4b2d-8394-46f64f8482c2,2nd half,18:10,1090.9,Pass,Team Matto,Krystian,,1,19.5,41.78,20.53,27,19.5,41.78,20.53,27,,,,,,,0
7522e086-477b-4c3c-94b3-a89828a628d2,2nd half,18:16,1096.28,Pass,Team Matto,Dawid,,1,30.5,22.53,40.83,3.33,30.5,22.53,40.83,3.33,,,,,,,0
d214a8f5-df90-498b-8708-88c8ceb2613c,2nd half,18:21,1101.72,Pass,Team Matto,Filip,Hubert,0,43.96,9.17,58.48,21.97,43.96,9.17,58.48,21.97,,,,,intercepted,,
4497bf9e-e0a9-4b28-908e-280c185b5e0c,2nd half,18:25,1105.74,Pass,Team Sempu,Hubert,,1,59.03,21.49,69,19.78,45.97,46.51,36,48.22,,,,,,,-0.002
0def02ae-9d9e-457c-9a8a-c888c66d9872,2nd half,18:25,1106,Pass,Team Sempu,Wojtek,,1,69.35,19.78,66.73,27.52,35.65,48.22,38.27,40.48,,,,,,,0
c77de441-5099-4456-b21c-aa1872fbd20a,2nd half,18:27,1107.84,Pass,Team Sempu,Matto,,1,60.06,31.81,42.87,42.12,44.94,36.19,62.13,25.88,,,,,,,0.005
3e5aa22f-4373-4e00-bf95-4eeab0980d9e,2nd half,18:30,1110.21,Pass,Team Sempu,Krzysiek,,1,43.22,41.43,44.25,46.25,61.78,26.57,60.75,21.75,,,,,,,-0.003
cc04cbc6-1129-4aeb-961b-0e3d2ef31f7a,2nd half,18:32,1112.24,Key pass,Team Sempu,Sempu,,0,37.72,40.75,20.87,45.56,67.28,27.25,84.13,22.44,,,,,out,,
0e84cc81-8196-4b3c-9c27-ccc38ab86aa2,2nd half,18:33,1113.63,Offside,Team Sempu,Kacper,,1,23.28,46.59,,,81.72,21.41,,,,,,,,,
fe45c1db-28c9-42a4-b5a8-642e0f4c608d,2nd half,18:48,1128.04,Pass,Team Matto,Tomek E,,1,5.4,27,14.34,3.62,5.4,27,14.34,3.62,,,,,,,-0.002
08676e5b-b43d-4426-9018-93654b622975,2nd half,18:53,1133.37,Pass,Team Matto,Filip,,1,14.68,6.37,34.97,48.31,14.68,6.37,34.97,48.31,,,,,,,0.003
aa21f691-e316-4413-b795-75fc109021cf,2nd half,18:58,1138.47,Key pass,Team Matto,Wojtunia,,0,42.19,46.59,74.5,47.97,42.19,46.59,74.5,47.97,,,,,out,,
773f4c4d-d386-4ab1-941a-d7f7d8a9f735,2nd half,19:01,1141.73,Offside,Team Matto,Krzysiek K,,1,72.78,47.97,,,72.78,47.97,,,,,,,,,
27ca9eb3-377d-44b6-9d0b-2cfebafdacb2,2nd half,19:05,1145.79,Pass,Team Sempu,Matto,,1,75.19,47.62,43.91,48.31,29.81,20.38,61.09,19.69,,,,,,,0.006
faa0e35f-d8cf-4eed-a94e-f0c09e05e7a4,2nd half,19:11,1151.37,Dribble,Team Sempu,Kacper,Marek,0,37.03,47.62,,,67.97,20.38,,,,,,,,,
8a6ea70c-9fd1-4dcf-b216-c0c70980e642,2nd half,19:15,1155.38,Pass,Team Matto,Marek,,1,31.72,59.69,22.59,52.78,31.72,59.69,22.59,52.78,,,,,,,0
3a194277-fd27-4478-9841-bacaf7e4f117,2nd half,19:17,1157.14,Pass,Team Matto,Mateusz,,1,22.93,51.75,34.28,49,22.93,51.75,34.28,49,,,,,,,0.002
a370d81c-d0f2-4c43-91bf-696cc0f8e2ac,2nd half,19:21,1161.14,Ground duel,Team Matto,Wojtunia,Hubert,1,37.72,47.62,,,37.72,47.62,,,,,,,,,
ea209587-9c87-4af0-aaed-a9368a5ba56e,2nd half,19:22,1162.24,Ground duel,Team Matto,Wojtunia,Hubert,0,0,59.31,,,0,59.31,,,,,,,,,
a3e98762-8e33-443d-a193-14e8cfdfc2ee,2nd half,19:25,1165.44,Pass,Team Matto,Wojtunia,,1,43.91,46.25,45.62,41.78,43.91,46.25,45.62,41.78,,,,,,,0.001
3b566dcf-3b8f-46db-a6be-9cb5e4040659,2nd half,19:25,1165.91,Ground duel,Team Matto,Michał W,Hubert,0,46.31,41.78,,,46.31,41.78,,,,,,,,,
c1dc3c90-f871-4300-8797-bd97556058c1,2nd half,19:30,1170.14,Pass,Team Sempu,Hubert,,1,34.28,30.78,14.08,16.71,70.72,37.22,90.92,51.29,,,,,,,0.017
a9e5265c-6a3c-45ca-8233-992c6ce8d16b,2nd half,19:35,1175.88,Key pass,Team Sempu,Bartek,,0,9.53,15.31,1.28,42.12,95.47,52.69,103.72,25.88,,,,,out,,
dde93e3b-ba4f-4027-9c69-5f066a058318,2nd half,19:50,1190.91,Pass,Team Matto,Tomek E,,1,5.4,42.12,11.93,55.87,5.4,42.12,11.93,55.87,,,,,,,-0.001
11097e2e-c647-42f3-92b6-2c7cc064c800,2nd half,19:55,1195.26,Pass,Team Matto,Mateusz,,1,17.78,55.53,26.03,50.72,17.78,55.53,26.03,50.72,,,,,,,0.001
9b1fb413-2162-42aa-8c2b-fff018a54e69,2nd half,20:03,1203.76,Pass,Team Matto,Marek,,1,29.47,45.22,29.12,29.06,29.47,45.22,29.12,29.06,,,,,,,0
1c1b05b1-d0fa-43e1-8383-48833dab2c1f,2nd half,20:11,1211.34,Pass,Team Matto,Dawid,,0,43.91,28.37,32.29,0,43.91,28.37,32.29,0,,,,,out,,
44f0787c-90d0-4bc3-98ad-296449f6c40a,2nd half,20:19,1219.8,Pass,Team Sempu,Bartek,Marek,0,32.9,0.87,32.22,15.31,72.1,67.13,72.78,52.69,,,,,intercepted,,
20145ba4-276a-4f6d-8901-c8748da2fc8a,2nd half,20:24,1224.25,Pass,Team Matto,Marek,,1,32.22,16.34,41.16,21.49,32.22,16.34,41.16,21.49,,,,,,,0.002
ad8ddfbd-a639-43f8-baab-0e64d53fb44f,2nd half,20:27,1227.73,Pass,Team Matto,Michał W,,1,43.22,25.96,44.59,38,43.22,25.96,44.59,38,,,,,,,0.002
bd21c306-8758-4c11-946c-c0a1d1186630,2nd half,20:29,1229.45,Pass,Team Matto,Wojtunia,Wojtek,0,45.28,38.68,51.12,28.37,45.28,38.68,51.12,28.37,,,,,intercepted,,
8fbec87a-f9a9-417f-9fc4-d50f7aa89a42,2nd half,20:31,1231.7,Ground duel,Team Sempu,Wojtek,Wojtunia,0,46.31,27.34,,,58.69,40.66,,,,,,,,,
7efd81ce-cece-4be1-8339-b0d95bcd39da,2nd half,20:33,1233.56,Dribble,Team Matto,Wojtunia,Bartek,1,48.03,19.09,,,48.03,19.09,,,,,,,,,
728c9233-104f-400b-a706-87f291ffe18c,2nd half,20:34,1234.69,Turnover,Team Matto,Wojtunia,,1,54.22,18.06,,,54.22,18.06,,,,,,,,,
3d768970-0bac-4d08-9fd0-da74d6b9e730,2nd half,20:35,1235.35,Pass,Team Sempu,Mateusz (?),,1,52.16,17.03,28.09,19.43,52.84,50.97,76.91,48.57,,,,,,,0.007
3739674c-5d18-46b3-be5f-0da70e0fec32,2nd half,20:40,1240.44,Shot,Team Sempu,Krzysiek,Krystian,0,31.19,22.18,,,73.81,45.82,,,,,blocked,0,,0.255,
fba3685f-cbfc-4894-b166-559600954c63,2nd half,20:59,1259.97,Pass,Team Sempu,Hubert,,1,8.02,0,15.77,11.01,96.98,68,89.23,56.99,,,,,,,0.003
77ab46ef-e422-498a-af60-a96910c1efd6,2nd half,21:06,1266.13,Ground duel,Team Sempu,Roszkol,Łukasz (?),0,9.65,10.2,,,95.35,57.8,,,,,,,,,
832cd7d5-46db-487e-b83d-e12cd19999ea,2nd half,21:18,1278.5,Pass,Team Matto,Tomek E,,1,5.16,25.3,11.69,13.46,5.16,25.3,11.69,13.46,,,,,,,0
e70aacfb-1af6-4f8d-b25c-da51224d49f9,2nd half,21:23,1284,Pass,Team Matto,Łukasz (?),,1,13.33,12.24,17,18.77,13.33,12.24,17,18.77,,,,,,,0.001
c895db24-a8d3-400e-a657-fa69fc9af8e4,2nd half,21:25,1285.97,Pass,Team Matto,Marek,,1,18.63,18.36,13.33,22.44,18.63,18.36,13.33,22.44,,,,,,,0
e5da40eb-c4a7-4e30-b0b6-e66f5991f583,2nd half,21:28,1288.48,Pass,Team Matto,Dawid,,1,12.92,22.03,18.63,22.44,12.92,22.03,18.63,22.44,,,,,,,0
a894add4-3272-44b1-89cd-5224da2a51bf,2nd half,21:29,1289.03,Pass,Team Matto,Marek,Janek,0,20.26,22.03,19.04,42.44,20.26,22.03,19.04,42.44,,,,,intercepted,,
21cf8baa-f4b0-4b48-b878-ad34fbbe72e0,2nd half,21:33,1293.31,Dribble,Team Sempu,Janek,Krystian,1,16.18,41.62,,,88.82,26.38,,,,,,,,,
d987390f-4c3a-4439-b2ac-b7e768dde0f5,2nd half,21:39,1299.04,Pass,Team Sempu,Janek,,1,12.92,36.72,22.71,25.7,92.08,31.28,82.29,42.3,,,,,,,-0.073
91d7286f-ac32-4ac6-bfdc-b7be41356ad4,2nd half,21:41,1301.06,Shot,Team Sempu,Bartek,Marek,0,23.53,25.3,,,81.47,42.7,,,,,blocked,0,,0.261,
191ff142-e462-432f-953d-5fabe638fc59,2nd half,22:10,1330.55,Pass,Team Sempu,Bartek,,0,1.08,66.92,0.27,40.4,103.92,1.08,104.73,27.6,,,,,out,,
dde74678-5f9e-455d-ac91-d964708de67f,2nd half,22:21,1341.36,Pass,Team Matto,Tomek E,,1,5.16,41.62,12.92,30.19,5.16,41.62,12.92,30.19,,,,,,,0.001
f82a2ed4-33c5-42a8-a9aa-03803139424e,2nd half,22:24,1344.69,Pass,Team Matto,Dawid,,1,16.59,27.34,24.34,15.1,16.59,27.34,24.34,15.1,,,,,,,-0.001
24da95b4-b9d3-40f0-ab9a-36ce7deb23ac,2nd half,22:32,1352.99,Pass,Team Matto,Marek,,1,37.4,12.24,56.17,11.42,37.4,12.24,56.17,11.42,,,,,,,0.004
559dc843-9e14-46b4-ac0f-be634dbf2561,2nd half,22:36,1356.31,Pass,Team Matto,Łukasz (?),Matto,0,56.99,11.01,55.76,25.7,56.99,11.01,55.76,25.7,,,,,intercepted,,
fc2a4e83-1fb3-4753-8944-1285153e2976,2nd half,22:38,1358.74,Pass,Team Sempu,Matto,,1,49.64,32.64,36.99,42.84,55.36,35.36,68.01,25.16,,,,,,,0.002
8717afff-5557-401a-820b-777d7f838474,2nd half,22:42,1362.93,Pass,Team Sempu,Janek,,1,36.99,41.62,32.91,35.5,68.01,26.38,72.09,32.5,,,,,,,0.004
cd4e3edc-5a21-4287-8651-5fe106438e31,2nd half,22:43,1363.71,Pass,Team Sempu,Bartek,,1,34.95,35.09,43.11,39.99,70.05,32.91,61.89,28.01,,,,,,,-0.004
3ccce88c-d7d6-4ced-8c9d-500f554feaa5,2nd half,22:45,1365.77,Pass,Team Sempu,Sempu,,1,43.52,39.99,46.79,35.09,61.48,28.01,58.21,32.91,,,,,,,-0.003
a2b812bd-d533-42e8-b982-f2f196aa0218,2nd half,22:48,1368.98,Pass,Team Sempu,Matto,Krystian,0,41.07,33.46,18.63,39.99,63.93,34.54,86.37,28.01,,,,,intercepted,,
71f6e460-e71c-4e5b-84da-a9f448b17af1,2nd half,22:52,1372.21,Pass,Team Matto,Krystian,Hubert,0,18.22,39.99,26.38,36.31,18.22,39.99,26.38,36.31,,,,,intercepted,,
224f2354-9344-4d83-a157-74a03577b080,2nd half,22:53,1373.52,Pass,Team Sempu,Hubert,,1,27.2,37.54,31.69,24.89,77.8,30.46,73.31,43.11,,,,,,,0
8bbc996b-3bfc-4dc8-8bb3-825b26e22a8c,2nd half,22:56,1376.76,Dribble,Team Sempu,Bartek,Filip,0,35.36,19.58,,,69.64,48.42,,,,,,,,,
9d007f31-2518-4a1e-8f7a-ba2544981036,2nd half,22:57,1377.83,Pass,Team Sempu,Mateusz (?),Filip,0,40.67,16.73,36.59,17.14,64.33,51.27,68.41,50.86,,,,,intercepted,,
44b19b58-67e8-44a0-abcf-1a87bf8abf81,2nd half,22:59,1379.51,Key pass,Team Matto,Filip,,0,46.38,15.1,75.76,31.01,46.38,15.1,75.76,31.01,,,,,out,,
e1382a7f-fdfa-4439-af4f-ad31fe80530c,2nd half,23:00,1380.1,Offside,Team Matto,Michał W,,1,53.72,30.19,,,53.72,30.19,,,,,,,,,
560ffb90-87d3-428d-a709-09a18ba4006f,2nd half,23:09,1389.89,Pass,Team Sempu,Kroma,,1,59.03,46.92,43.52,55.49,45.97,21.08,61.48,12.51,,,,,,,0.004
27333843-d332-4998-99c7-145cdebf6e38,2nd half,23:12,1392.44,Pass,Team Sempu,Kacper,,1,45.56,54.27,50.46,48.56,59.44,13.73,54.54,19.44,,,,,,,0.001
43b31f69-2041-4be7-8e8d-8a0d093a4ee8,2nd half,23:15,1395.69,Pass,Team Sempu,Sempu,,1,50.05,47.33,50.05,23.66,54.95,20.67,54.95,44.34,,,,,,,0
8df9d093-22cd-4796-91a5-ba8cc0721184,2nd half,23:20,1400.01,Pass,Team Sempu,Roszkol,Łukasz (?),0,49.64,22.85,39.85,11.01,55.36,45.15,65.15,56.99,,,,,intercepted,,
ec1b6382-0576-4a9e-b72a-4846f3cfa826,2nd half,23:23,1403.18,Clearance,Team Matto,Łukasz (?),,1,39.03,9.79,,,39.03,9.79,,,,,,,,,
89395b86-ee6e-428a-b98e-9281e1c0a23e,2nd half,23:46,1426.14,Pass,Team Sempu,Bartek,,1,43.93,0,44.75,15.1,61.07,68,60.25,52.9,,,,,,,0.001
48c608e7-cef1-457b-9f24-3513e63d7c10,2nd half,23:48,1428.05,Pass,Team Sempu,Roszkol,,1,42.71,19.99,22.3,26.11,62.29,48.01,82.7,41.89,,,,,,,0.016
bc967451-b3f4-480e-97b0-8f2203731cbc,2nd half,23:52,1432.05,Ground duel,Team Sempu,Janek,Krystian,0,21.9,24.89,,,83.1,43.11,,,,,,,,,
8ff7c39d-890b-47f9-ba10-192d70ab96cc,2nd half,23:55,1435.23,Ground duel,Team Matto,Mateusz,Roszkol,1,10.06,39.99,,,10.06,39.99,,,,,,,,,
24350438-4a78-4c04-afe6-8664c0f0d04c,2nd half,24:01,1441.07,Pass,Team Matto,Mateusz,,1,7.61,50.6,9.25,51.82,7.61,50.6,9.25,51.82,,,,,,,0
7f83fdf6-66e1-405a-ac9b-783fef200b08,2nd half,24:04,1444.39,Turnover,Team Matto,Wojtunia,,1,11.69,67.33,,,11.69,67.33,,,,,,,,,
dd3d4a6f-a68d-46c2-a893-712c1edfc7be,2nd half,24:16,1456.26,Pass,Team Sempu,Hubert,,1,12.1,67.74,22.05,64.67,92.9,0.26,82.95,3.33,,,,,,,-0.007
0382cc0c-2f20-42a2-9620-3d55da58e458,2nd half,24:18,1458.59,Pass,Team Sempu,Kacper,Krystian,0,22.3,61.61,14.55,46.92,82.7,6.39,90.45,21.08,,,,,intercepted,,
a2dc08e0-942e-426f-8abe-eb05e3576fc5,2nd half,24:21,1461.83,Pass,Team Matto,Krystian,Sempu,0,14.55,46.11,25.57,50.6,14.55,46.11,25.57,50.6,,,,,intercepted,,
82571f9f-2fa2-423d-8a3e-bfd78b4bc6b7,2nd half,24:23,1463.8,Shot,Team Sempu,Sempu,,0,23.94,47.33,,,81.06,20.67,,,,,wide-left,0,,0.067,
e75a033a-1e82-46ab-9e62-adbdcead55cc,2nd half,24:45,1485.82,Pass,Team Matto,Tomek E,Wojtek,0,5.57,42.84,51.28,38.76,5.57,42.84,51.28,38.76,,,,,intercepted,,
d29e9961-6a2e-48cb-8d93-702eabe7bc62,2nd half,24:49,1489.7,Pass,Team Sempu,Wojtek,Wojtunia,0,51.28,38.76,46.79,38.76,53.72,29.24,58.21,29.24,,,,,intercepted,,
03fae1ab-6296-4c20-98b2-ad98446c7456,2nd half,24:52,1492.7,Pass,Team Matto,Wojtunia,Matto,0,45.56,30.6,59.62,34.5,45.56,30.6,59.62,34.5,,,,,intercepted,,
5ef46916-a4ed-4483-9f4a-58c595bb7001,2nd half,24:57,1497.05,Pass,Team Sempu,Matto,,1,54.54,40.8,48.01,54.27,50.46,27.2,56.99,13.73,,,,,,,0.001
cd1b1b56-5123-47ca-9853-103f199f7cab,2nd half,25:00,1500.27,Pass,Team Sempu,Kacper,,1,41.12,57.27,34.14,49.78,63.88,10.73,70.86,18.22,,,,,,,0.005
56c06813-0b45-4f6e-b86d-cc214a1372a9,2nd half,25:01,1501.93,Pass,Team Sempu,Hubert,,1,33.73,49.37,18.22,55.9,71.27,18.63,86.78,12.1,,,,,,,0.005
ef7ee9ae-140f-493d-94bc-98865a062e86,2nd half,25:07,1507.07,Dribble,Team Sempu,Kacper,Mateusz,1,2.72,57.94,,,102.28,10.06,,,,,,,,,
26893648-5036-4d54-b2f6-92965e506de6,2nd half,25:09,1509.36,Turnover,Team Sempu,Kacper,,1,0.68,48.56,,,104.32,19.44,,,,,,,,,
6edab693-c1d6-42bf-ba05-e4b1486bab7c,2nd half,25:26,1526.92,Pass,Team Matto,Tomek E,,1,4.76,42.44,13.33,51,4.76,42.44,13.33,51,,,,,,,-0.001
532d0fea-c9ce-4ed8-b194-57715f2ad397,2nd half,25:30,1530.89,Pass,Team Matto,Mateusz,,1,13.73,51,25.98,47.74,13.73,51,25.98,47.74,,,,,,,0.001
92abb727-58a7-43c5-b44c-dbf190ec9038,2nd half,25:33,1533.32,Ground duel,Team Matto,Krzysiek K,Hubert,0,30.87,47.74,,,30.87,47.74,,,,,,,,,
a66342af-efd7-4d85-af54-b3a25ae3d211,2nd half,25:35,1535.84,Pass,Team Sempu,Hubert,,1,41.97,45.6,45.56,35.5,63.03,22.4,59.44,32.5,,,,,,,-0.002
1a498d92-c5c2-468e-871e-9ee25a2269fe,2nd half,25:42,1542.76,Pass,Team Sempu,Roszkol,Dawid,0,21.9,21.62,15.77,24.07,83.1,46.38,89.23,43.93,,,,,intercepted,,
4efd7a49-7bb6-4c2a-aee5-a5ca09ae745d,2nd half,25:45,1545.3,Pass,Team Matto,Dawid,Bartek,0,14.96,24.48,28.02,19.58,14.96,24.48,28.02,19.58,,,,,intercepted,,
7a24ab90-ad27-4de2-8714-176f3fdb8929,2nd half,25:47,1547.84,Pass,Team Sempu,Bartek,,1,28.83,20.4,16.59,27.75,76.17,47.6,88.41,40.25,,,,,,,0.084
7c7a2d05-8fce-4a20-aaef-3128ec6e276b,2nd half,25:50,1550.2,Pass,Team Sempu,Janek,,1,17,27.75,31.28,25.3,88,40.25,73.72,42.7,,,,,,,-0.084
01c785cb-aaeb-4960-99dd-7d51b982c0dd,2nd half,25:53,1553.33,Pass,Team Sempu,Mateusz (?),,1,30.06,25.7,21.08,30.19,74.94,42.3,83.92,37.81,,,,,,,0.011
42f3c33d-63ca-4d5b-bc6b-a01b24c66b1e,2nd half,25:55,1555.02,Ground duel,Team Sempu,Hubert,Krzysiek K,0,21.08,28.56,,,83.92,39.44,,,,,,,,,
81e5f502-2d56-4b09-b745-bff623c8badd,2nd half,25:55,1555.39,Pass,Team Matto,Krystian,,1,16.59,29.38,24.75,29.38,16.59,29.38,24.75,29.38,,,,,,,-0.001
d4620099-aec9-4754-bd4c-6f860843ef80,2nd half,25:56,1556.65,Pass,Team Matto,Wojtunia,,1,24.75,29.38,34.55,38.35,24.75,29.38,34.55,38.35,,,,,,,0.001
bbec9a93-afd0-47b6-b5c8-05c07d611cc1,2nd half,26:00,1560.23,Pass,Team Matto,Marek,Matto,0,39.44,40.4,78.21,29.38,39.44,40.4,78.21,29.38,,,,,intercepted,,
c3eda314-7558-456f-9e95-a0145fc5eca1,2nd half,26:04,1564.16,Pass,Team Sempu,Matto,,1,79.43,29.38,91.67,31.83,25.57,38.62,13.33,36.17,,,,,,,0.001
d37363c4-07bd-4af8-8878-a6879eba5336,2nd half,26:06,1566.98,Pass,Team Sempu,Kroma,,1,90.04,28.15,80.25,24.48,14.96,39.85,24.75,43.52,,,,,,,-0.001
3da5c12b-4bf3-4d41-8a18-86827420eb66,2nd half,26:13,1573.03,Pass,Team Sempu,Mateusz (?),Marek,0,67.6,25.7,51.28,35.09,37.4,42.3,53.72,32.91,,,,,intercepted,,
2352422e-6c2c-4f7d-858f-c0853b499ac8,2nd half,26:17,1577.18,Pass,Team Matto,Marek,Wojtek,0,60.25,38.35,73.31,33.46,60.25,38.35,73.31,33.46,,,,,intercepted,,
2ca24c27-c8b3-4213-bf19-d9259f043e8a,2nd half,26:21,1581.52,Pass,Team Sempu,Wojtek,,1,74.13,33.05,56.99,28.97,30.87,34.95,48.01,39.03,,,,,,,0.004
5dacd73a-c69d-4a76-8551-11d40acd9ee2,2nd half,26:23,1583.54,Pass,Team Sempu,Hubert,,1,51.28,28.56,45.56,39.99,53.72,39.44,59.44,28.01,,,,,,,0
de92e8fd-7080-46c7-b9b8-4e82ce2413d6,2nd half,26:25,1585.69,Pass,Team Sempu,Sempu,Mateusz,0,41.07,42.44,32.1,42.84,63.93,25.56,72.9,25.16,,,,,intercepted,,
2e75b30e-efd9-49df-9362-d9add157527e,2nd half,26:27,1587.14,Pass,Team Matto,Mateusz,,1,31.28,43.25,36.18,36.31,31.28,43.25,36.18,36.31,,,,,,,0.002
9e991320-4a55-4bcb-bdc7-e6d56db0a33d,2nd half,26:28,1588.57,Pass,Team Matto,Krzysiek K,,1,36.18,36.31,46.38,40.8,36.18,36.31,46.38,40.8,,,,,,,0.002
b9429164-bfbe-4fc5-9c40-0507b98fefe9,2nd half,26:29,1589.92,Pass,Team Matto,Marek,,1,52.91,37.13,83.1,60.39,52.91,37.13,83.1,60.39,,,,,,,0.011
fe2b8cf2-95dc-4feb-9e97-f6c065841173,2nd half,26:37,1597.54,Pass,Team Matto,Wojtunia,Wojtek,0,101.47,57.53,101.06,48.96,101.47,57.53,101.06,48.96,,,,,intercepted,,
9657f3aa-92dc-4a27-b853-69b8b731f732,2nd half,26:42,1602.21,Pass,Team Sempu,Kroma,,1,93.71,42.84,79.02,43.66,11.29,25.16,25.98,24.34,,,,,,,0
3e856ff2-0e71-4d7b-bf33-f85494ab2e25,2nd half,26:45,1605.13,Pass,Team Sempu,Sempu,,1,77.8,43.25,75.35,20.4,27.2,24.75,29.65,47.6,,,,,,,0
13a0a812-5565-4c92-a449-a4fc8baeba30,2nd half,26:52,1612.16,Pass,Team Sempu,Bartek,Krzysiek K,0,60.66,18.36,45.56,27.34,44.34,49.64,59.44,40.66,,,,,intercepted,,
56ac459e-9d92-42d7-92fc-f567b7717069,2nd half,26:54,1614.73,Pass,Team Matto,Krzysiek K,,1,52.91,24.89,67.6,14.69,52.91,24.89,67.6,14.69,,,,,,,0.002
480ff9f6-b0c1-4beb-8d77-cc02ff1b7f71,2nd half,26:57,1617.53,Pass,Team Matto,Łukasz (?),,1,75.76,12.65,80.66,17.95,75.76,12.65,80.66,17.95,,,,,,,0.005
0287eb11-ed15-4191-8ab5-8ed515c7160c,2nd half,26:58,1618.86,Pass,Team Matto,Michał W,,1,80.66,17.54,102.69,2.04,80.66,17.54,102.69,2.04,,,,,,,0.009
fd859413-9814-4a04-b72d-751ab3ee3948,2nd half,27:06,1626.1,Pass,Team Matto,Filip,,0,103.1,1.63,105,28.15,103.1,1.63,105,28.15,,,,,out,,
ca7008df-eb3a-420b-8d18-c889755c1d8e,2nd half,27:13,1633.29,Pass,Team Sempu,Kroma,,1,99.43,27.34,64.33,7.75,5.57,40.66,40.67,60.25,,,,,,,0.002
968c3aae-4aa3-40e7-bd6d-9ae1653f887f,2nd half,27:18,1638.73,Pass,Team Sempu,Bartek,,1,60.66,7.75,64.33,19.18,44.34,60.25,40.67,48.82,,,,,,,0
ed45f355-d23f-436a-922b-960afca4663f,2nd half,27:21,1641.69,Pass,Team Sempu,Roszkol,Tomek E,0,50.87,21.22,14.96,25.3,54.13,46.78,90.04,42.7,,,,,intercepted,,
33921926-5b16-487d-ad52-418838769186,2nd half,27:25,1645.91,Pass,Team Matto,Tomek E,,1,15.37,24.89,28.83,14.28,15.37,24.89,28.83,14.28,,,,,,,0.001
19fc6f9e-64a8-48ca-8434-bdc288f42096,2nd half,27:34,1654.49,Pass,Team Matto,Marek,,1,29.65,10.2,21.08,11.01,29.65,10.2,21.08,11.01,,,,,,,-0.001
c7835ea5-acfb-4de7-b15d-a8b5f77a1b20,2nd half,27:36,1656.04,Pass,Team Matto,Dawid,,0,20.67,11.01,39.12,0,20.67,11.01,39.12,0,,,,,out,,
04297490-37a3-4697-87f1-92d5f032a6f7,2nd half,27:44,1664.35,Pass,Team Sempu,Hubert,,1,40.26,0,36.99,9.79,64.74,68,68.01,58.21,,,,,,,0.001
7692a47e-9f17-4a1b-8ed6-fc79cfe50e23,2nd half,27:48,1668.96,Pass,Team Sempu,Roszkol,,1,34.55,10.2,26.38,0.81,70.45,57.8,78.62,67.19,,,,,,,-0.003
cff734e8-27c0-4ab7-aa75-aef13de4f3c4,2nd half,27:50,1670.39,Dribble,Team Sempu,Bartek,Marek,1,23.53,0.81,,,81.47,67.19,,,,,,,,,
788012b0-5382-4081-81e5-dccc10d9e68f,2nd half,27:52,1672.8,Pass,Team Sempu,Bartek,Tomek E,0,8.39,1.06,1.08,30.19,96.61,66.94,103.92,37.81,,,,,intercepted,,
efb87a96-5e09-4d8c-9675-58135aa42be6,2nd half,28:01,1681.69,Pass,Team Matto,Tomek E,,1,15.37,25.7,23.75,50.15,15.37,25.7,23.75,50.15,,,,,,,-0.001
e7ca6ff1-f404-4be1-a492-251d5c5db77e,2nd half,28:08,1688.17,Pass,Team Matto,Wojtunia,Kroma,0,36.99,52.64,86.78,34.68,36.99,52.64,86.78,34.68,,,,,intercepted,,
afe5bdc9-e641-47aa-b48b-da70b6608606,2nd half,28:14,1694.87,Pass,Team Sempu,Kroma,,1,85.96,35.91,71.28,56.98,19.04,32.09,33.72,11.02,,,,,,,0
95184c0c-2780-4acb-9637-42ac81f7b496,2nd half,28:18,1698.53,Pass,Team Sempu,Kacper,,1,70.45,57.53,46.38,59.98,34.55,10.47,58.62,8.02,,,,,,,0.004
dc2adcf7-9637-497a-8a4e-a1faf6a823e2,2nd half,28:21,1701.24,Pass,Team Sempu,Sempu,,1,43.52,59.57,48.01,51.41,61.48,8.43,56.99,16.59,,,,,,,-0.001
929dda6a-b5cc-4b32-b794-9d8dd819a7c2,2nd half,28:23,1703.81,Pass,Team Sempu,Hubert,,0,41.89,50.19,0.27,57.53,63.11,17.81,104.73,10.47,,,,,out,,
784fa830-2cd2-4308-8d56-62872f09e92c,2nd half,28:37,1717.88,Pass,Team Matto,Tomek E,,1,5.16,41.62,8.02,57.94,5.16,41.62,8.02,57.94,,,,,,,-0.002
23024efc-a370-4333-9882-aadc59984588,2nd half,28:42,1722.23,Pass,Team Matto,Mateusz,,1,12.92,56.31,28.02,61.21,12.92,56.31,28.02,61.21,,,,,,,0.001
702ae57a-e25a-4b01-94cb-994a16f7b5e7,2nd half,28:46,1726.13,Pass,Team Matto,Wojtunia,,1,28.02,60.8,19.85,54.68,28.02,60.8,19.85,54.68,,,,,,,0
166e4928-d0fe-4957-ad4c-0235d99f2e69,2nd half,28:48,1728.01,Pass,Team Matto,Mateusz,,1,21.9,52.23,21.19,34.78,21.9,52.23,21.19,34.78,,,,,,,0.001
cef30337-89e7-4637-a4a9-82360355b4fb,2nd half,28:50,1730.17,Pass,Team Matto,Dawid,Wojtek,0,21.49,33.87,60.66,44.88,21.49,33.87,60.66,44.88,,,,,intercepted,,
302f58e6-452e-453e-8db3-0d458af62845,2nd half,28:53,1733.05,Pass,Team Sempu,Wojtek,Mateusz,0,60.66,44.48,37.4,51.41,44.34,23.52,67.6,16.59,,,,,intercepted,,
5c62f0d6-de39-46c9-847e-d22d9f17e365,2nd half,28:55,1735.47,Pass,Team Matto,Mateusz,Sempu,0,37.81,51.41,41.48,44.88,37.81,51.41,41.48,44.88,,,,,intercepted,,
9949a2fc-fe5f-45ab-b60c-94d59f99930f,2nd half,28:57,1737.47,Pass,Team Matto,Mateusz,Roszkol,0,45.56,48.96,54.13,39.99,45.56,48.96,54.13,39.99,,,,,intercepted,,
e936d589-5545-4e03-8591-476258c6633c,2nd half,29:01,1741.61,Dribble,Team Sempu,Roszkol,Michał W,1,52.91,35.5,,,52.09,32.5,,,,,,,,,
2bb5bc90-a4e6-4e35-909a-86fdea951322,2nd half,29:03,1743.73,Pass,Team Sempu,Roszkol,,1,52.91,28.97,64.74,31.83,52.09,39.03,40.26,36.17,,,,,,,-0.002
c3f397cb-8f8d-420e-939b-05ed1d42bb0c,2nd half,29:07,1747.43,Pass,Team Sempu,Matto,,1,64.74,24.89,34.55,23.66,40.26,43.11,70.45,44.34,,,,,,,0.011
d9a5cb49-5f45-4654-aea4-f936d32ef720,2nd half,29:11,1751.5,Pass,Team Sempu,Krzysiek,,1,41.89,20.81,36.99,26.52,63.11,47.19,68.01,41.48,,,,,,,0.001
006edf39-0231-4058-883d-2c10216ce0d7,2nd half,29:13,1753.92,Key pass,Team Sempu,Roszkol,,0,33.32,26.93,14.14,22.44,71.68,41.07,90.86,45.56,,,,,out,,
d36a1eba-8322-499e-8517-86607b8b32b6,2nd half,29:14,1754.69,Offside,Team Sempu,Janek,,1,16.59,21.62,,,88.41,46.38,,,,,,,,,
0a6c7d05-af43-453e-b8b0-1e4191418e9f,2nd half,29:29,1769.02,Pass,Team Matto,Tomek E,,1,5.57,26.11,12.1,1.22,5.57,26.11,12.1,1.22,,,,,,,-0.002
c4ef963b-f532-4195-8364-1537992b834b,2nd half,29:36,1776.85,Pass,Team Matto,Filip,,1,29.24,7.75,45.15,16.73,29.24,7.75,45.15,16.73,,,,,,,0.004
9a7929f7-1667-44aa-85af-2e70794e8cc5,2nd half,29:38,1778.94,Ground duel,Team Matto,Krzysiek K,Matto,0,55.76,18.77,,,55.76,18.77,,,,,,,,,
7ee9fe35-bfb9-461c-afe8-a4ea7041812d,2nd half,29:44,1784.48,Pass,Team Sempu,Matto,,1,26.79,19.18,10.88,14.28,78.21,48.82,94.12,53.72,,,,,,,0.017
810f6d32-c95c-42fc-b34c-d8b9256553e0,2nd half,29:48,1788.27,Shot,Team Sempu,Bartek,,0,6.8,13.87,,,98.2,54.13,,,7.06,0.49,,1,,0.051,
79697be6-5e5e-4bda-850e-e25722398c24,2nd half,29:49,1789.94,Save,Team Matto,Tomek E,,1,1.49,30.19,,,1.49,30.19,,,,,,,,,
a16baa83-4f1b-4435-8008-ff1c1e0d7939,2nd half,29:50,1790.4,Pass,Team Sempu,Bartek,Wojtunia,0,6.39,21.62,5.98,28.56,98.61,46.38,99.02,39.44,,,,,intercepted,,
154460de-7a73-4485-ad84-11c12fed131f,2nd half,29:52,1792.42,Pass,Team Matto,Wojtunia,,1,5.98,28.15,3.12,21.22,5.98,28.15,3.12,21.22,,,,,,,-0.001
66e664ba-c4de-4e9e-b7f7-15f7630b9c7c,2nd half,29:53,1793.63,Clearance,Team Matto,Dawid,,0,2.72,20.81,,,2.72,20.81,,,,,,,,,
a3f80e87-e524-46a7-a321-d486cddf1fb4,2nd half,29:56,1796.91,Shot,Team Sempu,Sempu,,0,20.34,40.2,,,84.66,27.8,,,3.31,0.25,,1,,0.076,
78eec820-1408-4000-87de-c39236644aa9,2nd half,29:58,1798.22,Save,Team Matto,Tomek E,,1,0.27,34.68,,,0.27,34.68,,,,,,,,,
bf45cd55-8760-4bd7-aa42-da0d860f557f,2nd half,30:00,1800.24,Clearance,Team Matto,Mateusz,,0,8.43,39.99,,,8.43,39.99,,,,,,,,,
d4989b3d-e315-41ad-99eb-83d9c2c4416e,2nd half,30:03,1803.44,Dribble,Team Sempu,Matto,Krzysiek K,0,17,35.5,,,88,32.5,,,,,,,,,
ce22813e-3c66-4b68-bf96-8d080b542156,2nd half,30:05,1805.8,Clearance,Team Matto,Krzysiek K,,0,17,33.46,,,17,33.46,,,,,,,,,
fc9b5430-9b10-42c5-b9a1-eb96822018df,2nd half,30:06,1806.94,Pass,Team Sempu,Wojtek,Krzysiek K,0,30.06,26.52,19.04,30.6,74.94,41.48,85.96,37.4,,,,,intercepted,,
37d1b3c1-3286-4445-a3c5-25e57166069f,2nd half,30:10,1810.68,Pass,Team Matto,Krzysiek K,,1,23.53,28.56,56.99,31.83,23.53,28.56,56.99,31.83,,,,,,,0.007
b62409c6-4593-4550-92b8-0c1479fe1754,2nd half,30:22,1822.79,Pass,Team Matto,Michał W,,1,90.45,41.62,87.19,33.05,90.45,41.62,87.19,33.05,,,,,,,-0.073
9fa09018-4408-42f5-a87f-034d3f67492e,2nd half,30:24,1824.31,Key pass,Team Matto,Marek,,1,86.37,33.05,91.27,40.8,86.37,33.05,91.27,40.8,,,,,,,0.073
b11d2428-f45c-4a4e-9223-23879d08df67,2nd half,30:26,1826.74,Shot,Team Matto,Michał W,,0,92.49,42.44,,,92.49,42.44,,,6.71,1.4,,1,,0.287,
cbbbbf29-1c3f-484d-bcdb-218ae4642f2d,2nd half,30:28,1828.69,Save,Team Sempu,Kroma,,1,104.73,36.31,,,0.27,31.69,,,,,,,,,
6bc3ea74-6933-4a91-b5a8-44a3996a26ff,2nd half,30:59,1859.39,Pass,Team Matto,Marek,,1,105,65.7,81.88,25.3,105,65.7,81.88,25.3,,,,,,,-0.009
e2cbef05-f73c-4e87-9c09-5593c4908c7f,2nd half,31:02,1862.83,Shot,Team Matto,Łukasz (?),Hubert,0,81.88,24.48,,,81.88,24.48,,,,,blocked,0,,0.013,
274b010c-5217-4097-bd29-99ba8243ef4f,2nd half,31:05,1865.2,Clearance,Team Sempu,Hubert,,0,91.67,27.75,,,13.33,40.25,,,,,,,,,
02e8baaa-f7d5-4a36-9d70-1ec568982db0,2nd half,31:05,1865.72,Pass,Team Matto,Mateusz,,1,86.78,44.48,88.41,39.17,86.78,44.48,88.41,39.17,,,,,,,0.079
716f6355-6f06-44bf-9a12-bbad7489fa62,2nd half,31:07,1867.67,Shot,Team Matto,Wojtunia,Sempu,0,92.49,45.29,,,92.49,45.29,,,,,blocked,0,,0.172,
c3569b0d-2978-4071-9a78-265088d1f506,2nd half,31:26,1886.71,Pass,Team Matto,Wojtunia,,1,104.73,66.51,95.75,42.44,104.73,66.51,95.75,42.44,,,,,,,0.07
c573710c-81ab-4459-94fa-81d4c64facfd,2nd half,31:30,1890.41,Shot,Team Matto,Marek,Mateusz (?),0,95.35,42.44,,,95.35,42.44,,,,,blocked,0,,0.136,
8f1622c7-01c1-415d-ac3d-9eab81cadc63,2nd half,31:30,1890.47,Clearance,Team Sempu,Mateusz (?),,0,100.65,35.09,,,4.35,32.91,,,,,,,,,
cf140762-ff8c-40d4-b197-a8a1cefbb8b2,2nd half,31:36,1896.86,Pass,Team Matto,Krzysiek K,,1,65.15,42.84,65.56,33.87,65.15,42.84,65.56,33.87,,,,,,,0.001
30c1bf72-fe3f-436b-9080-d361dbe1a6ee,2nd half,31:39,1899.05,Dribble,Team Matto,Filip,Roszkol,1,70.86,32.23,,,70.86,32.23,,,,,,,,,
ff7f0a4c-45b4-4501-a530-7e011791e287,2nd half,31:39,1899.74,Pass,Team Matto,Filip,,1,76.58,31.83,76.98,42.44,76.58,31.83,76.98,42.44,,,,,,,0
2ad7cd5f-7567-4d50-8a59-cd712f1ac9bb,2nd half,31:41,1901.32,Key pass,Team Matto,Marek,,0,77.39,42.44,93.71,26.52,77.39,42.44,93.71,26.52,,,,,out,,
1b221ffd-72bf-4a8e-baed-f773d2e7e808,2nd half,31:42,1902.94,Offside,Team Matto,Michał W,,1,94.53,26.11,,,94.53,26.11,,,,,,,,,
e64bb70f-9f04-4862-9376-6ceec305a7cb,2nd half,31:52,1912.68,Pass,Team Sempu,Matto,,1,100.24,31.42,86.78,31.83,4.76,36.58,18.22,36.17,,,,,,,0.001
896359d2-d90d-48ed-b30e-6c41cc4e0925,2nd half,31:57,1917.17,Ground duel,Team Sempu,Roszkol,Wojtunia,0,82.29,31.01,,,22.71,36.99,,,,,,,,,
6e82099b-b5a9-4bc6-864f-032cf020410b,2nd half,31:58,1918.09,Pass,Team Matto,Wojtunia,,1,81.47,30.6,81.88,28.97,81.47,30.6,81.88,28.97,,,,,,,0
2a74f826-969d-4fb1-9e2c-939b18b685b8,2nd half,32:00,1920.44,Shot,Team Matto,Marek,,0,82.7,35.5,,,82.7,35.5,,,4.35,1.27,,1,,0.04,
c33f5aa7-4d6e-46a9-8634-5ad176649c2e,2nd half,32:02,1922.32,Save,Team Sempu,Kroma,,1,105,35.09,,,0,32.91,,,,,,,,,
0f8338fa-53ef-40a2-b88b-91a1c863e79c,2nd half,32:10,1930.37,Pass,Team Sempu,Kroma,,1,90.86,43.66,86.37,48.56,14.14,24.34,18.63,19.44,,,,,,,0
145ff604-9d13-48a6-b511-0721d1f4e372,2nd half,32:13,1933.66,Pass,Team Sempu,Kacper,,1,84.74,50.6,68.15,57.55,20.26,17.4,36.85,10.45,,,,,,,0.002
40c61734-8c1c-4cc3-8916-235d554d7f8a,2nd half,32:16,1936.08,Pass,Team Sempu,Sempu,Krzysiek K,0,69.23,57.53,62.29,57.53,35.77,10.47,42.71,10.47,,,,,intercepted,,
e7f4cdc9-7038-4ea9-af2f-c45ca3ee38f4,2nd half,32:16,1936.55,Clearance,Team Matto,Krzysiek K,,1,61.89,57.94,,,61.89,57.94,,,,,,,,,
9333e0c3-8062-44b2-8169-ca2c849b5c51,2nd half,32:22,1942.1,Pass,Team Sempu,Sempu,,1,70.45,67.74,79.54,64.67,34.55,0.26,25.46,3.33,,,,,,,-0.001
05e40080-eb23-422a-a4a6-029b6ac144e0,2nd half,32:30,1950.18,Pass,Team Sempu,Kacper,,1,83.1,63.65,82.7,56.31,21.9,4.35,22.3,11.69,,,,,,,0.001
78cb511f-12f2-44dd-89c6-be75575ba9be,2nd half,32:33,1953.32,Pass,Team Sempu,Matto,,1,74.13,55.9,67.6,48.56,30.87,12.1,37.4,19.44,,,,,,,0.002
e16de928-a8a5-4a13-8687-d89860bd426e,2nd half,32:35,1955.29,Pass,Team Sempu,Hubert,,1,65.15,47.33,48.01,59.57,39.85,20.67,56.99,8.43,,,,,,,0.002
c470aeb9-264b-45ae-8f96-1ac024e8deaa,2nd half,32:38,1958.23,Key pass,Team Sempu,Sempu,,1,36.59,62.02,14.55,36.72,68.41,5.98,90.45,31.28,,,,,,,0.091
71bf4660-7973-44fe-af87-2e18c7d1e795,2nd half,32:40,1960.96,Shot,Team Sempu,Bartek,,0,14.14,35.5,,,90.86,32.5,,,2.98,1.34,,1,,0.421,
f0ed6ee1-95b7-4f1f-982e-265501cb9705,2nd half,32:42,1962.1,Save,Team Matto,Tomek E,,1,3.53,34.68,,,3.53,34.68,,,,,,,,,
b3698723-d7e5-4d36-8f23-5cff1ce3d12a,2nd half,33:00,1980.7,Pass,Team Sempu,Bartek,,1,1.08,66.92,6.39,64.88,103.92,1.08,98.61,3.12,,,,,,,0
547f8c5a-6b1d-4daf-bce4-1a8fa54df737,2nd half,33:02,1982.66,Pass,Team Sempu,Sempu,Krystian,0,6.8,64.47,3.94,45.29,98.2,3.53,101.06,22.71,,,,,intercepted,,
5e5a3865-fe58-45db-a4c9-785252eeace5,2nd half,33:05,1985.7,Clearance,Team Matto,Krystian,,0,4.35,43.66,,,4.35,43.66,,,,,,,,,
d1315269-f412-4080-a066-f9b23467459f,2nd half,33:08,1988.37,Pass,Team Sempu,Matto,,1,15.37,39.99,26.79,39.58,89.63,28.01,78.21,28.42,,,,,,,-0.084
51c5b354-9f31-49d3-a0b6-cd797b4df4b9,2nd half,33:13,1993.33,Pass,Team Sempu,Roszkol,,1,26.79,39.58,21.49,40.8,78.21,28.42,83.51,27.2,,,,,,,0.011
201e3bfd-9fa6-4ec7-b579-14a3210f1d89,2nd half,33:13,1993.75,Pass,Team Sempu,Matto,Filip,0,22.3,39.58,21.9,31.42,82.7,28.42,83.1,36.58,,,,,intercepted,,
18925796-5356-45e5-8338-f35d241b1e58,2nd half,33:14,1994.66,Pass,Team Matto,Filip,,1,22.3,29.38,39.03,43.25,22.3,29.38,39.03,43.25,,,,,,,0.003
e01ae260-2e1e-4fad-a47a-8ebb5748b36d,2nd half,33:17,1997.91,Key pass,Team Matto,Marek,Kroma,0,42.3,42.84,80.25,27.34,42.3,42.84,80.25,27.34,,,,,intercepted,,
038a1d18-6583-407b-9fae-20005ce30631,2nd half,33:24,2004.02,Pass,Team Sempu,Kroma,,1,81.06,26.52,77.39,33.87,23.94,41.48,27.61,34.13,,,,,,,0.001
4ef7d297-06b8-4679-a50e-b7f2fa9f210a,2nd half,33:27,2007.95,Pass,Team Sempu,Wojtek,Krzysiek K,0,68.01,34.27,39.03,39.99,36.99,33.73,65.97,28.01,,,,,intercepted,,
37d950e8-9b10-49b0-becf-e2bdb40eff2e,2nd half,33:31,2011.48,Pass,Team Matto,Krzysiek K,,1,45.15,39.99,55.36,30.19,45.15,39.99,55.36,30.19,,,,,,,0.002
5924af55-4205-450c-902b-87282625dac9,2nd half,33:35,2015.3,Pass,Team Matto,Marek,,1,55.76,29.79,71.27,48.56,55.76,29.79,71.27,48.56,,,,,,,0.007
4b9ed918-2fbb-42ee-87dd-c36d39f696f9,2nd half,33:42,2022.27,Key pass,Team Matto,Michał W,Kroma,0,84.74,54.68,91.27,37.54,84.74,54.68,91.27,37.54,,,,,intercepted,,
d86d98bb-55f3-4f78-ad32-f3236900255f,2nd half,33:47,2027.39,Pass,Team Sempu,Kroma,,1,81.47,43.66,66.37,53.45,23.53,24.34,38.63,14.55,,,,,,,0.002
ecaa0401-2481-4686-96c6-e0060159ad46,2nd half,33:53,2033.34,Pass,Team Sempu,Sempu,,1,44.75,57.94,41.48,42.44,60.25,10.06,63.52,25.56,,,,,,,0.004
3eb548e9-f197-4f94-b9e2-9e136647198f,2nd half,33:57,2037.35,Dribble,Team Sempu,Roszkol,Krystian,0,37.4,42.03,,,67.6,25.97,,,,,,,,,
8ed47cff-1a13-4f47-804b-c61f4d3173a1,2nd half,33:59,2039.79,Pass,Team Matto,Krystian,,1,27.2,41.62,23.94,49.37,27.2,41.62,23.94,49.37,,,,,,,-0.001
4b6c1ae5-6240-40c1-8a6f-1bea4072bf83,2nd half,34:01,2041.23,Pass,Team Matto,Mateusz,,1,22.71,49.78,5.82,40.47,22.71,49.78,5.82,40.47,,,,,,,-0.001
fe5afa37-b54b-42dd-8cdd-f7a5e44808a2,2nd half,34:06,2046.39,Pass,Team Matto,Tomek E,,1,5.98,41.62,15.5,54.99,5.98,41.62,15.5,54.99,,,,,,,-0.001
fc3fc13b-cb1d-4dd0-806d-65ce5bb78318,2nd half,34:11,2051.92,Pass,Team Matto,Mateusz,Matto,0,28.02,54.68,56.48,46.31,28.02,54.68,56.48,46.31,,,,,intercepted,,
a9f3f3b4-1258-4ffe-a46b-bf2017c678da,2nd half,34:14,2054.7,Pass,Team Sempu,Matto,Krzysiek K,0,57.62,44.32,62.7,34.68,47.38,23.68,42.3,33.32,,,,,intercepted,,
e6a49418-2091-4b07-b17f-60fe58617786,2nd half,34:16,2056.26,Pass,Team Matto,Krzysiek K,Matto,0,59.44,35.09,85.96,48.56,59.44,35.09,85.96,48.56,,,,,intercepted,,
c725f19a-3c3a-4c66-a1a5-c336323d57e7,2nd half,34:32,2072.43,Pass,Team Sempu,Matto,,1,71.68,42.03,77.8,32.23,33.32,25.97,27.2,35.77,,,,,,,0
a8347e6d-e521-4a48-9204-38ffa009009f,2nd half,34:35,2075.29,Pass,Team Sempu,Wojtek,,1,78.21,33.05,76.58,20.81,26.79,34.95,28.42,47.19,,,,,,,0
d19f9d2f-53a1-4ab0-a8a7-e83eb25c7279,2nd half,34:42,2082.17,Pass,Team Sempu,Mateusz (?),,1,60.75,8.03,26.32,12.01,44.25,59.97,78.68,55.99,,,,,,,0.012
f260cad6-3922-4718-9024-8177047c5c0a,2nd half,34:46,2086.77,Pass,Team Matto,Dawid,,1,25.98,12.24,1.49,21.62,25.98,12.24,1.49,21.62,,,,,,,-0.001
6a961c64-5b56-44a0-a0e0-e3865d8db06b,2nd half,34:47,2087.13,Pass,Team Matto,Tomek E,,1,2.31,21.62,8.02,2.45,2.31,21.62,8.02,2.45,,,,,,,-0.002
5af2e6c2-d214-4ded-84eb-ddc07f174354,2nd half,34:51,2091.21,Pass,Team Matto,Łukasz (?),,1,11.69,1.22,30.46,18.36,11.69,1.22,30.46,18.36,,,,,,,0.003
915ddae2-20e1-42db-8ce7-038457c3d62a,2nd half,34:58,2098.5,Pass,Team Matto,Krzysiek K,,1,31.28,18.36,14.96,18.77,31.28,18.36,14.96,18.77,,,,,,,-0.001
2ce34faf-ad21-4e0f-b1bc-c51f4f6572d4,2nd half,34:58,2098.53,Pass,Team Matto,Dawid,Matto,0,14.14,18.77,82.7,32.23,14.14,18.77,82.7,32.23,,,,,intercepted,,
ec400d3a-c3ae-43b3-bc73-33fcd5ff0a96,2nd half,35:08,2108.58,Pass,Team Sempu,Matto,,1,83.92,33.46,79.02,57.53,21.08,34.54,25.98,10.47,,,,,,,-0.001